Observation,Data_Marking,Observation_Type_Value,Dimension_Hierarchy_1,Dimension_Name_1,Dimension_Value_1,Dimension_Hierarchy_2,Dimension_Name_2,Dimension_Value_2,Dimension_Hierarchy_3,Dimension_Name_3,Dimension_Value_3,Dimension_Hierarchy_4,Dimension_Name_4,Dimension_Value_4
62756254.0,,,time,year,2014,2011PCONH,Geographic_Hierarchy,K03000001,CL_0000671,Age,CI_0005558,CL_0000670,Sex,CI_0005569
30890895.0,,,time,year,2014,2011PCONH,Geographic_Hierarchy,K03000001,CL_0000671,Age,CI_0005558,CL_0000670,Sex,CI_0005430
31865359.0,,,time,year,2014,2011PCONH,Geographic_Hierarchy,K03000001,CL_0000671,Age,CI_0005558,CL_0000670,Sex,CI_0005444
754110.0,,,time,year,2014,2011PCONH,Geographic_Hierarchy,K03000001,CL_0000671,Age,CI_0000117,CL_0000670,Sex,CI_0005569
386557.0,,,time,year,2014,2011PCONH,Geographic_Hierarchy,K03000001,CL_0000671,Age,CI_0000117,CL_0000670,Sex,CI_0005430
367553.0,,,time,year,2014,2011PCONH,Geographic_Hierarchy,K03000001,CL_0000671,Age,CI_0000117,CL_0000670,Sex,CI_0005444
774854.0,,,time,year,2014,2011PCONH,Geographic_Hierarchy,K03000001,CL_0000671,Age,CI_0000071,CL_0000670,Sex,CI_0005569
397487.0,,,time,year,2014,2011PCONH,Geographic_Hierarchy,K03000001,CL_0000671,Age,CI_0000071,CL_0000670,Sex,CI_0005430
377367.0,,,time,year,2014,2011PCONH,Geographic_Hierarchy,K03000001,CL_0000671,Age,CI_0000071,CL_0000670,Sex,CI_0005444
802305.0,,,time,year,2014,2011PCONH,Geographic_Hierarchy,K03000001,CL_0000671,Age,CI_0000070,CL_0000670,Sex,CI_0005569
410910.0,,,time,year,2014,2011PCONH,Geographic_Hierarchy,K03000001,CL_0000671,Age,CI_0000070,CL_0000670,Sex,CI_0005430
391395.0,,,time,year,2014,2011PCONH,Geographic_Hierarchy,K03000001,CL_0000671,Age,CI_0000070,CL_0000670,Sex,CI_0005444
792091.0,,,time,year,2014,2011PCONH,Geographic_Hierarchy,K03000001,CL_0000671,Age,CI_0000069,CL_0000670,Sex,CI_0005569
405691.0,,,time,year,2014,2011PCONH,Geographic_Hierarchy,K03000001,CL_0000671,Age,CI_0000069,CL_0000670,Sex,CI_0005430
386400.0,,,time,year,2014,2011PCONH,Geographic_Hierarchy,K03000001,CL_0000671,Age,CI_0000069,CL_0000670,Sex,CI_0005444
777502.0,,,time,year,2014,2011PCONH,Geographic_Hierarchy,K03000001,CL_0000671,Age,CI_0000068,CL_0000670,Sex,CI_0005569
397688.0,,,time,year,2014,2011PCONH,Geographic_Hierarchy,K03000001,CL_0000671,Age,CI_0000068,CL_0000670,Sex,CI_0005430
379814.0,,,time,year,2014,2011PCONH,Geographic_Hierarchy,K03000001,CL_0000671,Age,CI_0000068,CL_0000670,Sex,CI_0005444
769612.0,,,time,year,2014,2011PCONH,Geographic_Hierarchy,K03000001,CL_0000671,Age,CI_0000075,CL_0000670,Sex,CI_0005569
393630.0,,,time,year,2014,2011PCONH,Geographic_Hierarchy,K03000001,CL_0000671,Age,CI_0000075,CL_0000670,Sex,CI_0005430
375982.0,,,time,year,2014,2011PCONH,Geographic_Hierarchy,K03000001,CL_0000671,Age,CI_0000075,CL_0000670,Sex,CI_0005444
775924.0,,,time,year,2014,2011PCONH,Geographic_Hierarchy,K03000001,CL_0000671,Age,CI_0000074,CL_0000670,Sex,CI_0005569
397182.0,,,time,year,2014,2011PCONH,Geographic_Hierarchy,K03000001,CL_0000671,Age,CI_0000074,CL_0000670,Sex,CI_0005430
378742.0,,,time,year,2014,2011PCONH,Geographic_Hierarchy,K03000001,CL_0000671,Age,CI_0000074,CL_0000670,Sex,CI_0005444
750333.0,,,time,year,2014,2011PCONH,Geographic_Hierarchy,K03000001,CL_0000671,Age,CI_0000073,CL_0000670,Sex,CI_0005569
384486.0,,,time,year,2014,2011PCONH,Geographic_Hierarchy,K03000001,CL_0000671,Age,CI_0000073,CL_0000670,Sex,CI_0005430
365847.0,,,time,year,2014,2011PCONH,Geographic_Hierarchy,K03000001,CL_0000671,Age,CI_0000073,CL_0000670,Sex,CI_0005444
735291.0,,,time,year,2014,2011PCONH,Geographic_Hierarchy,K03000001,CL_0000671,Age,CI_0000072,CL_0000670,Sex,CI_0005569
376096.0,,,time,year,2014,2011PCONH,Geographic_Hierarchy,K03000001,CL_0000671,Age,CI_0000072,CL_0000670,Sex,CI_0005430
359195.0,,,time,year,2014,2011PCONH,Geographic_Hierarchy,K03000001,CL_0000671,Age,CI_0000072,CL_0000670,Sex,CI_0005444
706114.0,,,time,year,2014,2011PCONH,Geographic_Hierarchy,K03000001,CL_0000671,Age,CI_0000067,CL_0000670,Sex,CI_0005569
361288.0,,,time,year,2014,2011PCONH,Geographic_Hierarchy,K03000001,CL_0000671,Age,CI_0000067,CL_0000670,Sex,CI_0005430
344826.0,,,time,year,2014,2011PCONH,Geographic_Hierarchy,K03000001,CL_0000671,Age,CI_0000067,CL_0000670,Sex,CI_0005444
693393.0,,,time,year,2014,2011PCONH,Geographic_Hierarchy,K03000001,CL_0000671,Age,CI_0000363,CL_0000670,Sex,CI_0005569
354865.0,,,time,year,2014,2011PCONH,Geographic_Hierarchy,K03000001,CL_0000671,Age,CI_0000363,CL_0000670,Sex,CI_0005430
338528.0,,,time,year,2014,2011PCONH,Geographic_Hierarchy,K03000001,CL_0000671,Age,CI_0000363,CL_0000670,Sex,CI_0005444
673561.0,,,time,year,2014,2011PCONH,Geographic_Hierarchy,K03000001,CL_0000671,Age,CI_0000100,CL_0000670,Sex,CI_0005569
345090.0,,,time,year,2014,2011PCONH,Geographic_Hierarchy,K03000001,CL_0000671,Age,CI_0000100,CL_0000670,Sex,CI_0005430
328471.0,,,time,year,2014,2011PCONH,Geographic_Hierarchy,K03000001,CL_0000671,Age,CI_0000100,CL_0000670,Sex,CI_0005444
662759.0,,,time,year,2014,2011PCONH,Geographic_Hierarchy,K03000001,CL_0000671,Age,CI_0000099,CL_0000670,Sex,CI_0005569
339302.0,,,time,year,2014,2011PCONH,Geographic_Hierarchy,K03000001,CL_0000671,Age,CI_0000099,CL_0000670,Sex,CI_0005430
323457.0,,,time,year,2014,2011PCONH,Geographic_Hierarchy,K03000001,CL_0000671,Age,CI_0000099,CL_0000670,Sex,CI_0005444
681205.0,,,time,year,2014,2011PCONH,Geographic_Hierarchy,K03000001,CL_0000671,Age,CI_0000362,CL_0000670,Sex,CI_0005569
347800.0,,,time,year,2014,2011PCONH,Geographic_Hierarchy,K03000001,CL_0000671,Age,CI_0000362,CL_0000670,Sex,CI_0005430
333405.0,,,time,year,2014,2011PCONH,Geographic_Hierarchy,K03000001,CL_0000671,Age,CI_0000362,CL_0000670,Sex,CI_0005444
699090.0,,,time,year,2014,2011PCONH,Geographic_Hierarchy,K03000001,CL_0000671,Age,CI_0000360,CL_0000670,Sex,CI_0005569
358431.0,,,time,year,2014,2011PCONH,Geographic_Hierarchy,K03000001,CL_0000671,Age,CI_0000360,CL_0000670,Sex,CI_0005430
340659.0,,,time,year,2014,2011PCONH,Geographic_Hierarchy,K03000001,CL_0000671,Age,CI_0000360,CL_0000670,Sex,CI_0005444
721535.0,,,time,year,2014,2011PCONH,Geographic_Hierarchy,K03000001,CL_0000671,Age,CI_0000358,CL_0000670,Sex,CI_0005569
369815.0,,,time,year,2014,2011PCONH,Geographic_Hierarchy,K03000001,CL_0000671,Age,CI_0000358,CL_0000670,Sex,CI_0005430
351720.0,,,time,year,2014,2011PCONH,Geographic_Hierarchy,K03000001,CL_0000671,Age,CI_0000358,CL_0000670,Sex,CI_0005444
731204.0,,,time,year,2014,2011PCONH,Geographic_Hierarchy,K03000001,CL_0000671,Age,CI_0000369,CL_0000670,Sex,CI_0005569
374782.0,,,time,year,2014,2011PCONH,Geographic_Hierarchy,K03000001,CL_0000671,Age,CI_0000369,CL_0000670,Sex,CI_0005430
356422.0,,,time,year,2014,2011PCONH,Geographic_Hierarchy,K03000001,CL_0000671,Age,CI_0000369,CL_0000670,Sex,CI_0005444
753610.0,,,time,year,2014,2011PCONH,Geographic_Hierarchy,K03000001,CL_0000671,Age,CI_0000587,CL_0000670,Sex,CI_0005569
386683.0,,,time,year,2014,2011PCONH,Geographic_Hierarchy,K03000001,CL_0000671,Age,CI_0000587,CL_0000670,Sex,CI_0005430
366927.0,,,time,year,2014,2011PCONH,Geographic_Hierarchy,K03000001,CL_0000671,Age,CI_0000587,CL_0000670,Sex,CI_0005444
757068.0,,,time,year,2014,2011PCONH,Geographic_Hierarchy,K03000001,CL_0000671,Age,CI_0000586,CL_0000670,Sex,CI_0005569
390577.0,,,time,year,2014,2011PCONH,Geographic_Hierarchy,K03000001,CL_0000671,Age,CI_0000586,CL_0000670,Sex,CI_0005430
366491.0,,,time,year,2014,2011PCONH,Geographic_Hierarchy,K03000001,CL_0000671,Age,CI_0000586,CL_0000670,Sex,CI_0005444
766837.0,,,time,year,2014,2011PCONH,Geographic_Hierarchy,K03000001,CL_0000671,Age,CI_0000585,CL_0000670,Sex,CI_0005569
392896.0,,,time,year,2014,2011PCONH,Geographic_Hierarchy,K03000001,CL_0000671,Age,CI_0000585,CL_0000670,Sex,CI_0005430
373941.0,,,time,year,2014,2011PCONH,Geographic_Hierarchy,K03000001,CL_0000671,Age,CI_0000585,CL_0000670,Sex,CI_0005444
801996.0,,,time,year,2014,2011PCONH,Geographic_Hierarchy,K03000001,CL_0000671,Age,CI_0000582,CL_0000670,Sex,CI_0005569
410804.0,,,time,year,2014,2011PCONH,Geographic_Hierarchy,K03000001,CL_0000671,Age,CI_0000582,CL_0000670,Sex,CI_0005430
391192.0,,,time,year,2014,2011PCONH,Geographic_Hierarchy,K03000001,CL_0000671,Age,CI_0000582,CL_0000670,Sex,CI_0005444
811324.0,,,time,year,2014,2011PCONH,Geographic_Hierarchy,K03000001,CL_0000671,Age,CI_0000080,CL_0000670,Sex,CI_0005569
413533.0,,,time,year,2014,2011PCONH,Geographic_Hierarchy,K03000001,CL_0000671,Age,CI_0000080,CL_0000670,Sex,CI_0005430
397791.0,,,time,year,2014,2011PCONH,Geographic_Hierarchy,K03000001,CL_0000671,Age,CI_0000080,CL_0000670,Sex,CI_0005444
846246.0,,,time,year,2014,2011PCONH,Geographic_Hierarchy,K03000001,CL_0000671,Age,CI_0000082,CL_0000670,Sex,CI_0005569
426798.0,,,time,year,2014,2011PCONH,Geographic_Hierarchy,K03000001,CL_0000671,Age,CI_0000082,CL_0000670,Sex,CI_0005430
419448.0,,,time,year,2014,2011PCONH,Geographic_Hierarchy,K03000001,CL_0000671,Age,CI_0000082,CL_0000670,Sex,CI_0005444
872652.0,,,time,year,2014,2011PCONH,Geographic_Hierarchy,K03000001,CL_0000671,Age,CI_0000081,CL_0000670,Sex,CI_0005569
444012.0,,,time,year,2014,2011PCONH,Geographic_Hierarchy,K03000001,CL_0000671,Age,CI_0000081,CL_0000670,Sex,CI_0005430
428640.0,,,time,year,2014,2011PCONH,Geographic_Hierarchy,K03000001,CL_0000671,Age,CI_0000081,CL_0000670,Sex,CI_0005444
859404.0,,,time,year,2014,2011PCONH,Geographic_Hierarchy,K03000001,CL_0000671,Age,CI_0000077,CL_0000670,Sex,CI_0005569
437458.0,,,time,year,2014,2011PCONH,Geographic_Hierarchy,K03000001,CL_0000671,Age,CI_0000077,CL_0000670,Sex,CI_0005430
421946.0,,,time,year,2014,2011PCONH,Geographic_Hierarchy,K03000001,CL_0000671,Age,CI_0000077,CL_0000670,Sex,CI_0005444
852376.0,,,time,year,2014,2011PCONH,Geographic_Hierarchy,K03000001,CL_0000671,Age,CI_0000346,CL_0000670,Sex,CI_0005569
429479.0,,,time,year,2014,2011PCONH,Geographic_Hierarchy,K03000001,CL_0000671,Age,CI_0000346,CL_0000670,Sex,CI_0005430
422897.0,,,time,year,2014,2011PCONH,Geographic_Hierarchy,K03000001,CL_0000671,Age,CI_0000346,CL_0000670,Sex,CI_0005444
862409.0,,,time,year,2014,2011PCONH,Geographic_Hierarchy,K03000001,CL_0000671,Age,CI_0000345,CL_0000670,Sex,CI_0005569
431840.0,,,time,year,2014,2011PCONH,Geographic_Hierarchy,K03000001,CL_0000671,Age,CI_0000345,CL_0000670,Sex,CI_0005430
430569.0,,,time,year,2014,2011PCONH,Geographic_Hierarchy,K03000001,CL_0000671,Age,CI_0000345,CL_0000670,Sex,CI_0005444
843634.0,,,time,year,2014,2011PCONH,Geographic_Hierarchy,K03000001,CL_0000671,Age,CI_0000595,CL_0000670,Sex,CI_0005569
418383.0,,,time,year,2014,2011PCONH,Geographic_Hierarchy,K03000001,CL_0000671,Age,CI_0000595,CL_0000670,Sex,CI_0005430
425251.0,,,time,year,2014,2011PCONH,Geographic_Hierarchy,K03000001,CL_0000671,Age,CI_0000595,CL_0000670,Sex,CI_0005444
852038.0,,,time,year,2014,2011PCONH,Geographic_Hierarchy,K03000001,CL_0000671,Age,CI_0004617,CL_0000670,Sex,CI_0005569
427051.0,,,time,year,2014,2011PCONH,Geographic_Hierarchy,K03000001,CL_0000671,Age,CI_0004617,CL_0000670,Sex,CI_0005430
424987.0,,,time,year,2014,2011PCONH,Geographic_Hierarchy,K03000001,CL_0000671,Age,CI_0004617,CL_0000670,Sex,CI_0005444
856188.0,,,time,year,2014,2011PCONH,Geographic_Hierarchy,K03000001,CL_0000671,Age,CI_0004619,CL_0000670,Sex,CI_0005569
428472.0,,,time,year,2014,2011PCONH,Geographic_Hierarchy,K03000001,CL_0000671,Age,CI_0004619,CL_0000670,Sex,CI_0005430
427716.0,,,time,year,2014,2011PCONH,Geographic_Hierarchy,K03000001,CL_0000671,Age,CI_0004619,CL_0000670,Sex,CI_0005444
836710.0,,,time,year,2014,2011PCONH,Geographic_Hierarchy,K03000001,CL_0000671,Age,CI_0004621,CL_0000670,Sex,CI_0005569
416667.0,,,time,year,2014,2011PCONH,Geographic_Hierarchy,K03000001,CL_0000671,Age,CI_0004621,CL_0000670,Sex,CI_0005430
420043.0,,,time,year,2014,2011PCONH,Geographic_Hierarchy,K03000001,CL_0000671,Age,CI_0004621,CL_0000670,Sex,CI_0005444
845200.0,,,time,year,2014,2011PCONH,Geographic_Hierarchy,K03000001,CL_0000671,Age,CI_0000066,CL_0000670,Sex,CI_0005569
420041.0,,,time,year,2014,2011PCONH,Geographic_Hierarchy,K03000001,CL_0000671,Age,CI_0000066,CL_0000670,Sex,CI_0005430
425159.0,,,time,year,2014,2011PCONH,Geographic_Hierarchy,K03000001,CL_0000671,Age,CI_0000066,CL_0000670,Sex,CI_0005444
845595.0,,,time,year,2014,2011PCONH,Geographic_Hierarchy,K03000001,CL_0000671,Age,CI_0000065,CL_0000670,Sex,CI_0005569
418895.0,,,time,year,2014,2011PCONH,Geographic_Hierarchy,K03000001,CL_0000671,Age,CI_0000065,CL_0000670,Sex,CI_0005430
426700.0,,,time,year,2014,2011PCONH,Geographic_Hierarchy,K03000001,CL_0000671,Age,CI_0000065,CL_0000670,Sex,CI_0005444
852423.0,,,time,year,2014,2011PCONH,Geographic_Hierarchy,K03000001,CL_0000671,Age,CI_0000064,CL_0000670,Sex,CI_0005569
423383.0,,,time,year,2014,2011PCONH,Geographic_Hierarchy,K03000001,CL_0000671,Age,CI_0000064,CL_0000670,Sex,CI_0005430
429040.0,,,time,year,2014,2011PCONH,Geographic_Hierarchy,K03000001,CL_0000671,Age,CI_0000064,CL_0000670,Sex,CI_0005444
852850.0,,,time,year,2014,2011PCONH,Geographic_Hierarchy,K03000001,CL_0000671,Age,CI_0000063,CL_0000670,Sex,CI_0005569
423981.0,,,time,year,2014,2011PCONH,Geographic_Hierarchy,K03000001,CL_0000671,Age,CI_0000063,CL_0000670,Sex,CI_0005430
428869.0,,,time,year,2014,2011PCONH,Geographic_Hierarchy,K03000001,CL_0000671,Age,CI_0000063,CL_0000670,Sex,CI_0005444
817942.0,,,time,year,2014,2011PCONH,Geographic_Hierarchy,K03000001,CL_0000671,Age,CI_0000061,CL_0000670,Sex,CI_0005569
408006.0,,,time,year,2014,2011PCONH,Geographic_Hierarchy,K03000001,CL_0000671,Age,CI_0000061,CL_0000670,Sex,CI_0005430
409936.0,,,time,year,2014,2011PCONH,Geographic_Hierarchy,K03000001,CL_0000671,Age,CI_0000061,CL_0000670,Sex,CI_0005444
762559.0,,,time,year,2014,2011PCONH,Geographic_Hierarchy,K03000001,CL_0000671,Age,CI_0004623,CL_0000670,Sex,CI_0005569
380279.0,,,time,year,2014,2011PCONH,Geographic_Hierarchy,K03000001,CL_0000671,Age,CI_0004623,CL_0000670,Sex,CI_0005430
382280.0,,,time,year,2014,2011PCONH,Geographic_Hierarchy,K03000001,CL_0000671,Age,CI_0004623,CL_0000670,Sex,CI_0005444
751018.0,,,time,year,2014,2011PCONH,Geographic_Hierarchy,K03000001,CL_0000671,Age,CI_0004624,CL_0000670,Sex,CI_0005569
375304.0,,,time,year,2014,2011PCONH,Geographic_Hierarchy,K03000001,CL_0000671,Age,CI_0004624,CL_0000670,Sex,CI_0005430
375714.0,,,time,year,2014,2011PCONH,Geographic_Hierarchy,K03000001,CL_0000671,Age,CI_0004624,CL_0000670,Sex,CI_0005444
766191.0,,,time,year,2014,2011PCONH,Geographic_Hierarchy,K03000001,CL_0000671,Age,CI_0005547,CL_0000670,Sex,CI_0005569
381097.0,,,time,year,2014,2011PCONH,Geographic_Hierarchy,K03000001,CL_0000671,Age,CI_0005547,CL_0000670,Sex,CI_0005430
385094.0,,,time,year,2014,2011PCONH,Geographic_Hierarchy,K03000001,CL_0000671,Age,CI_0005547,CL_0000670,Sex,CI_0005444
780928.0,,,time,year,2014,2011PCONH,Geographic_Hierarchy,K03000001,CL_0000671,Age,CI_0005548,CL_0000670,Sex,CI_0005569
388084.0,,,time,year,2014,2011PCONH,Geographic_Hierarchy,K03000001,CL_0000671,Age,CI_0005548,CL_0000670,Sex,CI_0005430
392844.0,,,time,year,2014,2011PCONH,Geographic_Hierarchy,K03000001,CL_0000671,Age,CI_0005548,CL_0000670,Sex,CI_0005444
794550.0,,,time,year,2014,2011PCONH,Geographic_Hierarchy,K03000001,CL_0000671,Age,CI_0005549,CL_0000670,Sex,CI_0005569
394058.0,,,time,year,2014,2011PCONH,Geographic_Hierarchy,K03000001,CL_0000671,Age,CI_0005549,CL_0000670,Sex,CI_0005430
400492.0,,,time,year,2014,2011PCONH,Geographic_Hierarchy,K03000001,CL_0000671,Age,CI_0005549,CL_0000670,Sex,CI_0005444
830468.0,,,time,year,2014,2011PCONH,Geographic_Hierarchy,K03000001,CL_0000671,Age,CI_0000059,CL_0000670,Sex,CI_0005569
412316.0,,,time,year,2014,2011PCONH,Geographic_Hierarchy,K03000001,CL_0000671,Age,CI_0000059,CL_0000670,Sex,CI_0005430
418152.0,,,time,year,2014,2011PCONH,Geographic_Hierarchy,K03000001,CL_0000671,Age,CI_0000059,CL_0000670,Sex,CI_0005444
867641.0,,,time,year,2014,2011PCONH,Geographic_Hierarchy,K03000001,CL_0000671,Age,CI_0000060,CL_0000670,Sex,CI_0005569
430122.0,,,time,year,2014,2011PCONH,Geographic_Hierarchy,K03000001,CL_0000671,Age,CI_0000060,CL_0000670,Sex,CI_0005430
437519.0,,,time,year,2014,2011PCONH,Geographic_Hierarchy,K03000001,CL_0000671,Age,CI_0000060,CL_0000670,Sex,CI_0005444
896551.0,,,time,year,2014,2011PCONH,Geographic_Hierarchy,K03000001,CL_0000671,Age,CI_0004627,CL_0000670,Sex,CI_0005569
441523.0,,,time,year,2014,2011PCONH,Geographic_Hierarchy,K03000001,CL_0000671,Age,CI_0004627,CL_0000670,Sex,CI_0005430
455028.0,,,time,year,2014,2011PCONH,Geographic_Hierarchy,K03000001,CL_0000671,Age,CI_0004627,CL_0000670,Sex,CI_0005444
875668.0,,,time,year,2014,2011PCONH,Geographic_Hierarchy,K03000001,CL_0000671,Age,CI_0005550,CL_0000670,Sex,CI_0005569
431915.0,,,time,year,2014,2011PCONH,Geographic_Hierarchy,K03000001,CL_0000671,Age,CI_0005550,CL_0000670,Sex,CI_0005430
443753.0,,,time,year,2014,2011PCONH,Geographic_Hierarchy,K03000001,CL_0000671,Age,CI_0005550,CL_0000670,Sex,CI_0005444
898481.0,,,time,year,2014,2011PCONH,Geographic_Hierarchy,K03000001,CL_0000671,Age,CI_0004628,CL_0000670,Sex,CI_0005569
442610.0,,,time,year,2014,2011PCONH,Geographic_Hierarchy,K03000001,CL_0000671,Age,CI_0004628,CL_0000670,Sex,CI_0005430
455871.0,,,time,year,2014,2011PCONH,Geographic_Hierarchy,K03000001,CL_0000671,Age,CI_0004628,CL_0000670,Sex,CI_0005444
898685.0,,,time,year,2014,2011PCONH,Geographic_Hierarchy,K03000001,CL_0000671,Age,CI_0004631,CL_0000670,Sex,CI_0005569
442719.0,,,time,year,2014,2011PCONH,Geographic_Hierarchy,K03000001,CL_0000671,Age,CI_0004631,CL_0000670,Sex,CI_0005430
455966.0,,,time,year,2014,2011PCONH,Geographic_Hierarchy,K03000001,CL_0000671,Age,CI_0004631,CL_0000670,Sex,CI_0005444
911684.0,,,time,year,2014,2011PCONH,Geographic_Hierarchy,K03000001,CL_0000671,Age,CI_0004632,CL_0000670,Sex,CI_0005569
451101.0,,,time,year,2014,2011PCONH,Geographic_Hierarchy,K03000001,CL_0000671,Age,CI_0004632,CL_0000670,Sex,CI_0005430
460583.0,,,time,year,2014,2011PCONH,Geographic_Hierarchy,K03000001,CL_0000671,Age,CI_0004632,CL_0000670,Sex,CI_0005444
911546.0,,,time,year,2014,2011PCONH,Geographic_Hierarchy,K03000001,CL_0000671,Age,CI_0005551,CL_0000670,Sex,CI_0005569
448541.0,,,time,year,2014,2011PCONH,Geographic_Hierarchy,K03000001,CL_0000671,Age,CI_0005551,CL_0000670,Sex,CI_0005430
463005.0,,,time,year,2014,2011PCONH,Geographic_Hierarchy,K03000001,CL_0000671,Age,CI_0005551,CL_0000670,Sex,CI_0005444
919375.0,,,time,year,2014,2011PCONH,Geographic_Hierarchy,K03000001,CL_0000671,Age,CI_0004633,CL_0000670,Sex,CI_0005569
452650.0,,,time,year,2014,2011PCONH,Geographic_Hierarchy,K03000001,CL_0000671,Age,CI_0004633,CL_0000670,Sex,CI_0005430
466725.0,,,time,year,2014,2011PCONH,Geographic_Hierarchy,K03000001,CL_0000671,Age,CI_0004633,CL_0000670,Sex,CI_0005444
910782.0,,,time,year,2014,2011PCONH,Geographic_Hierarchy,K03000001,CL_0000671,Age,CI_0004635,CL_0000670,Sex,CI_0005569
448448.0,,,time,year,2014,2011PCONH,Geographic_Hierarchy,K03000001,CL_0000671,Age,CI_0004635,CL_0000670,Sex,CI_0005430
462334.0,,,time,year,2014,2011PCONH,Geographic_Hierarchy,K03000001,CL_0000671,Age,CI_0004635,CL_0000670,Sex,CI_0005444
892483.0,,,time,year,2014,2011PCONH,Geographic_Hierarchy,K03000001,CL_0000671,Age,CI_0000039,CL_0000670,Sex,CI_0005569
440178.0,,,time,year,2014,2011PCONH,Geographic_Hierarchy,K03000001,CL_0000671,Age,CI_0000039,CL_0000670,Sex,CI_0005430
452305.0,,,time,year,2014,2011PCONH,Geographic_Hierarchy,K03000001,CL_0000671,Age,CI_0000039,CL_0000670,Sex,CI_0005444
873555.0,,,time,year,2014,2011PCONH,Geographic_Hierarchy,K03000001,CL_0000671,Age,CI_0000040,CL_0000670,Sex,CI_0005569
432391.0,,,time,year,2014,2011PCONH,Geographic_Hierarchy,K03000001,CL_0000671,Age,CI_0000040,CL_0000670,Sex,CI_0005430
441164.0,,,time,year,2014,2011PCONH,Geographic_Hierarchy,K03000001,CL_0000671,Age,CI_0000040,CL_0000670,Sex,CI_0005444
844081.0,,,time,year,2014,2011PCONH,Geographic_Hierarchy,K03000001,CL_0000671,Age,CI_0000043,CL_0000670,Sex,CI_0005569
417773.0,,,time,year,2014,2011PCONH,Geographic_Hierarchy,K03000001,CL_0000671,Age,CI_0000043,CL_0000670,Sex,CI_0005430
426308.0,,,time,year,2014,2011PCONH,Geographic_Hierarchy,K03000001,CL_0000671,Age,CI_0000043,CL_0000670,Sex,CI_0005444
810631.0,,,time,year,2014,2011PCONH,Geographic_Hierarchy,K03000001,CL_0000671,Age,CI_0000044,CL_0000670,Sex,CI_0005569
401302.0,,,time,year,2014,2011PCONH,Geographic_Hierarchy,K03000001,CL_0000671,Age,CI_0000044,CL_0000670,Sex,CI_0005430
409329.0,,,time,year,2014,2011PCONH,Geographic_Hierarchy,K03000001,CL_0000671,Age,CI_0000044,CL_0000670,Sex,CI_0005444
793666.0,,,time,year,2014,2011PCONH,Geographic_Hierarchy,K03000001,CL_0000671,Age,CI_0004636,CL_0000670,Sex,CI_0005569
392402.0,,,time,year,2014,2011PCONH,Geographic_Hierarchy,K03000001,CL_0000671,Age,CI_0004636,CL_0000670,Sex,CI_0005430
401264.0,,,time,year,2014,2011PCONH,Geographic_Hierarchy,K03000001,CL_0000671,Age,CI_0004636,CL_0000670,Sex,CI_0005444
775629.0,,,time,year,2014,2011PCONH,Geographic_Hierarchy,K03000001,CL_0000671,Age,CI_0004637,CL_0000670,Sex,CI_0005569
383440.0,,,time,year,2014,2011PCONH,Geographic_Hierarchy,K03000001,CL_0000671,Age,CI_0004637,CL_0000670,Sex,CI_0005430
392189.0,,,time,year,2014,2011PCONH,Geographic_Hierarchy,K03000001,CL_0000671,Age,CI_0004637,CL_0000670,Sex,CI_0005444
747893.0,,,time,year,2014,2011PCONH,Geographic_Hierarchy,K03000001,CL_0000671,Age,CI_0005552,CL_0000670,Sex,CI_0005569
369365.0,,,time,year,2014,2011PCONH,Geographic_Hierarchy,K03000001,CL_0000671,Age,CI_0005552,CL_0000670,Sex,CI_0005430
378528.0,,,time,year,2014,2011PCONH,Geographic_Hierarchy,K03000001,CL_0000671,Age,CI_0005552,CL_0000670,Sex,CI_0005444
721435.0,,,time,year,2014,2011PCONH,Geographic_Hierarchy,K03000001,CL_0000671,Age,CI_0004639,CL_0000670,Sex,CI_0005569
356138.0,,,time,year,2014,2011PCONH,Geographic_Hierarchy,K03000001,CL_0000671,Age,CI_0004639,CL_0000670,Sex,CI_0005430
365297.0,,,time,year,2014,2011PCONH,Geographic_Hierarchy,K03000001,CL_0000671,Age,CI_0004639,CL_0000670,Sex,CI_0005444
695260.0,,,time,year,2014,2011PCONH,Geographic_Hierarchy,K03000001,CL_0000671,Age,CI_0004640,CL_0000670,Sex,CI_0005569
342091.0,,,time,year,2014,2011PCONH,Geographic_Hierarchy,K03000001,CL_0000671,Age,CI_0004640,CL_0000670,Sex,CI_0005430
353169.0,,,time,year,2014,2011PCONH,Geographic_Hierarchy,K03000001,CL_0000671,Age,CI_0004640,CL_0000670,Sex,CI_0005444
697080.0,,,time,year,2014,2011PCONH,Geographic_Hierarchy,K03000001,CL_0000671,Age,CI_0004641,CL_0000670,Sex,CI_0005569
341930.0,,,time,year,2014,2011PCONH,Geographic_Hierarchy,K03000001,CL_0000671,Age,CI_0004641,CL_0000670,Sex,CI_0005430
355150.0,,,time,year,2014,2011PCONH,Geographic_Hierarchy,K03000001,CL_0000671,Age,CI_0004641,CL_0000670,Sex,CI_0005444
688544.0,,,time,year,2014,2011PCONH,Geographic_Hierarchy,K03000001,CL_0000671,Age,CI_0000013,CL_0000670,Sex,CI_0005569
338176.0,,,time,year,2014,2011PCONH,Geographic_Hierarchy,K03000001,CL_0000671,Age,CI_0000013,CL_0000670,Sex,CI_0005430
350368.0,,,time,year,2014,2011PCONH,Geographic_Hierarchy,K03000001,CL_0000671,Age,CI_0000013,CL_0000670,Sex,CI_0005444
669144.0,,,time,year,2014,2011PCONH,Geographic_Hierarchy,K03000001,CL_0000671,Age,CI_0000014,CL_0000670,Sex,CI_0005569
327215.0,,,time,year,2014,2011PCONH,Geographic_Hierarchy,K03000001,CL_0000671,Age,CI_0000014,CL_0000670,Sex,CI_0005430
341929.0,,,time,year,2014,2011PCONH,Geographic_Hierarchy,K03000001,CL_0000671,Age,CI_0000014,CL_0000670,Sex,CI_0005444
674457.0,,,time,year,2014,2011PCONH,Geographic_Hierarchy,K03000001,CL_0000671,Age,CI_0004643,CL_0000670,Sex,CI_0005569
329534.0,,,time,year,2014,2011PCONH,Geographic_Hierarchy,K03000001,CL_0000671,Age,CI_0004643,CL_0000670,Sex,CI_0005430
344923.0,,,time,year,2014,2011PCONH,Geographic_Hierarchy,K03000001,CL_0000671,Age,CI_0004643,CL_0000670,Sex,CI_0005444
688040.0,,,time,year,2014,2011PCONH,Geographic_Hierarchy,K03000001,CL_0000671,Age,CI_0004644,CL_0000670,Sex,CI_0005569
335043.0,,,time,year,2014,2011PCONH,Geographic_Hierarchy,K03000001,CL_0000671,Age,CI_0004644,CL_0000670,Sex,CI_0005430
352997.0,,,time,year,2014,2011PCONH,Geographic_Hierarchy,K03000001,CL_0000671,Age,CI_0004644,CL_0000670,Sex,CI_0005444
705360.0,,,time,year,2014,2011PCONH,Geographic_Hierarchy,K03000001,CL_0000671,Age,CI_0004646,CL_0000670,Sex,CI_0005569
82.0,,,time,year,2014,2011WARDH,Geographic_Hierarchy,W05000852,CL_0000671,Age,CI_0000077,CL_0000670,Sex,CI_0005430
67.0,,,time,year,2014,2011WARDH,Geographic_Hierarchy,W05000852,CL_0000671,Age,CI_0000077,CL_0000670,Sex,CI_0005444
151.0,,,time,year,2014,2011WARDH,Geographic_Hierarchy,W05000852,CL_0000671,Age,CI_0000346,CL_0000670,Sex,CI_0005569
79.0,,,time,year,2014,2011WARDH,Geographic_Hierarchy,W05000852,CL_0000671,Age,CI_0000346,CL_0000670,Sex,CI_0005430
72.0,,,time,year,2014,2011WARDH,Geographic_Hierarchy,W05000852,CL_0000671,Age,CI_0000346,CL_0000670,Sex,CI_0005444
166.0,,,time,year,2014,2011WARDH,Geographic_Hierarchy,W05000852,CL_0000671,Age,CI_0000345,CL_0000670,Sex,CI_0005569
74.0,,,time,year,2014,2011WARDH,Geographic_Hierarchy,W05000852,CL_0000671,Age,CI_0000345,CL_0000670,Sex,CI_0005430
92.0,,,time,year,2014,2011WARDH,Geographic_Hierarchy,W05000852,CL_0000671,Age,CI_0000345,CL_0000670,Sex,CI_0005444
161.0,,,time,year,2014,2011WARDH,Geographic_Hierarchy,W05000852,CL_0000671,Age,CI_0000595,CL_0000670,Sex,CI_0005569
93.0,,,time,year,2014,2011WARDH,Geographic_Hierarchy,W05000852,CL_0000671,Age,CI_0000595,CL_0000670,Sex,CI_0005430
68.0,,,time,year,2014,2011WARDH,Geographic_Hierarchy,W05000852,CL_0000671,Age,CI_0000595,CL_0000670,Sex,CI_0005444
153.0,,,time,year,2014,2011WARDH,Geographic_Hierarchy,W05000852,CL_0000671,Age,CI_0004617,CL_0000670,Sex,CI_0005569
89.0,,,time,year,2014,2011WARDH,Geographic_Hierarchy,W05000852,CL_0000671,Age,CI_0004617,CL_0000670,Sex,CI_0005430
64.0,,,time,year,2014,2011WARDH,Geographic_Hierarchy,W05000852,CL_0000671,Age,CI_0004617,CL_0000670,Sex,CI_0005444
177.0,,,time,year,2014,2011WARDH,Geographic_Hierarchy,W05000852,CL_0000671,Age,CI_0004619,CL_0000670,Sex,CI_0005569
92.0,,,time,year,2014,2011WARDH,Geographic_Hierarchy,W05000852,CL_0000671,Age,CI_0004619,CL_0000670,Sex,CI_0005430
85.0,,,time,year,2014,2011WARDH,Geographic_Hierarchy,W05000852,CL_0000671,Age,CI_0004619,CL_0000670,Sex,CI_0005444
145.0,,,time,year,2014,2011WARDH,Geographic_Hierarchy,W05000852,CL_0000671,Age,CI_0004621,CL_0000670,Sex,CI_0005569
77.0,,,time,year,2014,2011WARDH,Geographic_Hierarchy,W05000852,CL_0000671,Age,CI_0004621,CL_0000670,Sex,CI_0005430
68.0,,,time,year,2014,2011WARDH,Geographic_Hierarchy,W05000852,CL_0000671,Age,CI_0004621,CL_0000670,Sex,CI_0005444
131.0,,,time,year,2014,2011WARDH,Geographic_Hierarchy,W05000852,CL_0000671,Age,CI_0000066,CL_0000670,Sex,CI_0005569
72.0,,,time,year,2014,2011WARDH,Geographic_Hierarchy,W05000852,CL_0000671,Age,CI_0000066,CL_0000670,Sex,CI_0005430
59.0,,,time,year,2014,2011WARDH,Geographic_Hierarchy,W05000852,CL_0000671,Age,CI_0000066,CL_0000670,Sex,CI_0005444
125.0,,,time,year,2014,2011WARDH,Geographic_Hierarchy,W05000852,CL_0000671,Age,CI_0000065,CL_0000670,Sex,CI_0005569
51.0,,,time,year,2014,2011WARDH,Geographic_Hierarchy,W05000852,CL_0000671,Age,CI_0000065,CL_0000670,Sex,CI_0005430
74.0,,,time,year,2014,2011WARDH,Geographic_Hierarchy,W05000852,CL_0000671,Age,CI_0000065,CL_0000670,Sex,CI_0005444
146.0,,,time,year,2014,2011WARDH,Geographic_Hierarchy,W05000852,CL_0000671,Age,CI_0000064,CL_0000670,Sex,CI_0005569
77.0,,,time,year,2014,2011WARDH,Geographic_Hierarchy,W05000852,CL_0000671,Age,CI_0000064,CL_0000670,Sex,CI_0005430
69.0,,,time,year,2014,2011WARDH,Geographic_Hierarchy,W05000852,CL_0000671,Age,CI_0000064,CL_0000670,Sex,CI_0005444
135.0,,,time,year,2014,2011WARDH,Geographic_Hierarchy,W05000852,CL_0000671,Age,CI_0000063,CL_0000670,Sex,CI_0005569
77.0,,,time,year,2014,2011WARDH,Geographic_Hierarchy,W05000852,CL_0000671,Age,CI_0000063,CL_0000670,Sex,CI_0005430
58.0,,,time,year,2014,2011WARDH,Geographic_Hierarchy,W05000852,CL_0000671,Age,CI_0000063,CL_0000670,Sex,CI_0005444
139.0,,,time,year,2014,2011WARDH,Geographic_Hierarchy,W05000852,CL_0000671,Age,CI_0000061,CL_0000670,Sex,CI_0005569
80.0,,,time,year,2014,2011WARDH,Geographic_Hierarchy,W05000852,CL_0000671,Age,CI_0000061,CL_0000670,Sex,CI_0005430
59.0,,,time,year,2014,2011WARDH,Geographic_Hierarchy,W05000852,CL_0000671,Age,CI_0000061,CL_0000670,Sex,CI_0005444
114.0,,,time,year,2014,2011WARDH,Geographic_Hierarchy,W05000852,CL_0000671,Age,CI_0004623,CL_0000670,Sex,CI_0005569
59.0,,,time,year,2014,2011WARDH,Geographic_Hierarchy,W05000852,CL_0000671,Age,CI_0004623,CL_0000670,Sex,CI_0005430
55.0,,,time,year,2014,2011WARDH,Geographic_Hierarchy,W05000852,CL_0000671,Age,CI_0004623,CL_0000670,Sex,CI_0005444
125.0,,,time,year,2014,2011WARDH,Geographic_Hierarchy,W05000852,CL_0000671,Age,CI_0004624,CL_0000670,Sex,CI_0005569
66.0,,,time,year,2014,2011WARDH,Geographic_Hierarchy,W05000852,CL_0000671,Age,CI_0004624,CL_0000670,Sex,CI_0005430
59.0,,,time,year,2014,2011WARDH,Geographic_Hierarchy,W05000852,CL_0000671,Age,CI_0004624,CL_0000670,Sex,CI_0005444
116.0,,,time,year,2014,2011WARDH,Geographic_Hierarchy,W05000852,CL_0000671,Age,CI_0005547,CL_0000670,Sex,CI_0005569
56.0,,,time,year,2014,2011WARDH,Geographic_Hierarchy,W05000852,CL_0000671,Age,CI_0005547,CL_0000670,Sex,CI_0005430
60.0,,,time,year,2014,2011WARDH,Geographic_Hierarchy,W05000852,CL_0000671,Age,CI_0005547,CL_0000670,Sex,CI_0005444
94.0,,,time,year,2014,2011WARDH,Geographic_Hierarchy,W05000852,CL_0000671,Age,CI_0005548,CL_0000670,Sex,CI_0005569
55.0,,,time,year,2014,2011WARDH,Geographic_Hierarchy,W05000852,CL_0000671,Age,CI_0005548,CL_0000670,Sex,CI_0005430
39.0,,,time,year,2014,2011WARDH,Geographic_Hierarchy,W05000852,CL_0000671,Age,CI_0005548,CL_0000670,Sex,CI_0005444
94.0,,,time,year,2014,2011WARDH,Geographic_Hierarchy,W05000852,CL_0000671,Age,CI_0005549,CL_0000670,Sex,CI_0005569
51.0,,,time,year,2014,2011WARDH,Geographic_Hierarchy,W05000852,CL_0000671,Age,CI_0005549,CL_0000670,Sex,CI_0005430
43.0,,,time,year,2014,2011WARDH,Geographic_Hierarchy,W05000852,CL_0000671,Age,CI_0005549,CL_0000670,Sex,CI_0005444
106.0,,,time,year,2014,2011WARDH,Geographic_Hierarchy,W05000852,CL_0000671,Age,CI_0000059,CL_0000670,Sex,CI_0005569
58.0,,,time,year,2014,2011WARDH,Geographic_Hierarchy,W05000852,CL_0000671,Age,CI_0000059,CL_0000670,Sex,CI_0005430
48.0,,,time,year,2014,2011WARDH,Geographic_Hierarchy,W05000852,CL_0000671,Age,CI_0000059,CL_0000670,Sex,CI_0005444
98.0,,,time,year,2014,2011WARDH,Geographic_Hierarchy,W05000852,CL_0000671,Age,CI_0000060,CL_0000670,Sex,CI_0005569
50.0,,,time,year,2014,2011WARDH,Geographic_Hierarchy,W05000852,CL_0000671,Age,CI_0000060,CL_0000670,Sex,CI_0005430
48.0,,,time,year,2014,2011WARDH,Geographic_Hierarchy,W05000852,CL_0000671,Age,CI_0000060,CL_0000670,Sex,CI_0005444
95.0,,,time,year,2014,2011WARDH,Geographic_Hierarchy,W05000852,CL_0000671,Age,CI_0004627,CL_0000670,Sex,CI_0005569
51.0,,,time,year,2014,2011WARDH,Geographic_Hierarchy,W05000852,CL_0000671,Age,CI_0004627,CL_0000670,Sex,CI_0005430
44.0,,,time,year,2014,2011WARDH,Geographic_Hierarchy,W05000852,CL_0000671,Age,CI_0004627,CL_0000670,Sex,CI_0005444
96.0,,,time,year,2014,2011WARDH,Geographic_Hierarchy,W05000852,CL_0000671,Age,CI_0005550,CL_0000670,Sex,CI_0005569
49.0,,,time,year,2014,2011WARDH,Geographic_Hierarchy,W05000852,CL_0000671,Age,CI_0005550,CL_0000670,Sex,CI_0005430
47.0,,,time,year,2014,2011WARDH,Geographic_Hierarchy,W05000852,CL_0000671,Age,CI_0005550,CL_0000670,Sex,CI_0005444
109.0,,,time,year,2014,2011WARDH,Geographic_Hierarchy,W05000852,CL_0000671,Age,CI_0004628,CL_0000670,Sex,CI_0005569
62.0,,,time,year,2014,2011WARDH,Geographic_Hierarchy,W05000852,CL_0000671,Age,CI_0004628,CL_0000670,Sex,CI_0005430
47.0,,,time,year,2014,2011WARDH,Geographic_Hierarchy,W05000852,CL_0000671,Age,CI_0004628,CL_0000670,Sex,CI_0005444
103.0,,,time,year,2014,2011WARDH,Geographic_Hierarchy,W05000852,CL_0000671,Age,CI_0004631,CL_0000670,Sex,CI_0005569
57.0,,,time,year,2014,2011WARDH,Geographic_Hierarchy,W05000852,CL_0000671,Age,CI_0004631,CL_0000670,Sex,CI_0005430
46.0,,,time,year,2014,2011WARDH,Geographic_Hierarchy,W05000852,CL_0000671,Age,CI_0004631,CL_0000670,Sex,CI_0005444
103.0,,,time,year,2014,2011WARDH,Geographic_Hierarchy,W05000852,CL_0000671,Age,CI_0004632,CL_0000670,Sex,CI_0005569
61.0,,,time,year,2014,2011WARDH,Geographic_Hierarchy,W05000852,CL_0000671,Age,CI_0004632,CL_0000670,Sex,CI_0005430
42.0,,,time,year,2014,2011WARDH,Geographic_Hierarchy,W05000852,CL_0000671,Age,CI_0004632,CL_0000670,Sex,CI_0005444
99.0,,,time,year,2014,2011WARDH,Geographic_Hierarchy,W05000852,CL_0000671,Age,CI_0005551,CL_0000670,Sex,CI_0005569
56.0,,,time,year,2014,2011WARDH,Geographic_Hierarchy,W05000852,CL_0000671,Age,CI_0005551,CL_0000670,Sex,CI_0005430
43.0,,,time,year,2014,2011WARDH,Geographic_Hierarchy,W05000852,CL_0000671,Age,CI_0005551,CL_0000670,Sex,CI_0005444
94.0,,,time,year,2014,2011WARDH,Geographic_Hierarchy,W05000852,CL_0000671,Age,CI_0004633,CL_0000670,Sex,CI_0005569
55.0,,,time,year,2014,2011WARDH,Geographic_Hierarchy,W05000852,CL_0000671,Age,CI_0004633,CL_0000670,Sex,CI_0005430
39.0,,,time,year,2014,2011WARDH,Geographic_Hierarchy,W05000852,CL_0000671,Age,CI_0004633,CL_0000670,Sex,CI_0005444
90.0,,,time,year,2014,2011WARDH,Geographic_Hierarchy,W05000852,CL_0000671,Age,CI_0004635,CL_0000670,Sex,CI_0005569
50.0,,,time,year,2014,2011WARDH,Geographic_Hierarchy,W05000852,CL_0000671,Age,CI_0004635,CL_0000670,Sex,CI_0005430
40.0,,,time,year,2014,2011WARDH,Geographic_Hierarchy,W05000852,CL_0000671,Age,CI_0004635,CL_0000670,Sex,CI_0005444
87.0,,,time,year,2014,2011WARDH,Geographic_Hierarchy,W05000852,CL_0000671,Age,CI_0000039,CL_0000670,Sex,CI_0005569
52.0,,,time,year,2014,2011WARDH,Geographic_Hierarchy,W05000852,CL_0000671,Age,CI_0000039,CL_0000670,Sex,CI_0005430
35.0,,,time,year,2014,2011WARDH,Geographic_Hierarchy,W05000852,CL_0000671,Age,CI_0000039,CL_0000670,Sex,CI_0005444
121.0,,,time,year,2014,2011WARDH,Geographic_Hierarchy,W05000852,CL_0000671,Age,CI_0000040,CL_0000670,Sex,CI_0005569
63.0,,,time,year,2014,2011WARDH,Geographic_Hierarchy,W05000852,CL_0000671,Age,CI_0000040,CL_0000670,Sex,CI_0005430
58.0,,,time,year,2014,2011WARDH,Geographic_Hierarchy,W05000852,CL_0000671,Age,CI_0000040,CL_0000670,Sex,CI_0005444
85.0,,,time,year,2014,2011WARDH,Geographic_Hierarchy,W05000852,CL_0000671,Age,CI_0000043,CL_0000670,Sex,CI_0005569
48.0,,,time,year,2014,2011WARDH,Geographic_Hierarchy,W05000852,CL_0000671,Age,CI_0000043,CL_0000670,Sex,CI_0005430
37.0,,,time,year,2014,2011WARDH,Geographic_Hierarchy,W05000852,CL_0000671,Age,CI_0000043,CL_0000670,Sex,CI_0005444
93.0,,,time,year,2014,2011WARDH,Geographic_Hierarchy,W05000852,CL_0000671,Age,CI_0000044,CL_0000670,Sex,CI_0005569
42.0,,,time,year,2014,2011WARDH,Geographic_Hierarchy,W05000852,CL_0000671,Age,CI_0000044,CL_0000670,Sex,CI_0005430
51.0,,,time,year,2014,2011WARDH,Geographic_Hierarchy,W05000852,CL_0000671,Age,CI_0000044,CL_0000670,Sex,CI_0005444
95.0,,,time,year,2014,2011WARDH,Geographic_Hierarchy,W05000852,CL_0000671,Age,CI_0004636,CL_0000670,Sex,CI_0005569
47.0,,,time,year,2014,2011WARDH,Geographic_Hierarchy,W05000852,CL_0000671,Age,CI_0004636,CL_0000670,Sex,CI_0005430
48.0,,,time,year,2014,2011WARDH,Geographic_Hierarchy,W05000852,CL_0000671,Age,CI_0004636,CL_0000670,Sex,CI_0005444
81.0,,,time,year,2014,2011WARDH,Geographic_Hierarchy,W05000852,CL_0000671,Age,CI_0004637,CL_0000670,Sex,CI_0005569
44.0,,,time,year,2014,2011WARDH,Geographic_Hierarchy,W05000852,CL_0000671,Age,CI_0004637,CL_0000670,Sex,CI_0005430
37.0,,,time,year,2014,2011WARDH,Geographic_Hierarchy,W05000852,CL_0000671,Age,CI_0004637,CL_0000670,Sex,CI_0005444
80.0,,,time,year,2014,2011WARDH,Geographic_Hierarchy,W05000852,CL_0000671,Age,CI_0005552,CL_0000670,Sex,CI_0005569
45.0,,,time,year,2014,2011WARDH,Geographic_Hierarchy,W05000852,CL_0000671,Age,CI_0005552,CL_0000670,Sex,CI_0005430
35.0,,,time,year,2014,2011WARDH,Geographic_Hierarchy,W05000852,CL_0000671,Age,CI_0005552,CL_0000670,Sex,CI_0005444
66.0,,,time,year,2014,2011WARDH,Geographic_Hierarchy,W05000852,CL_0000671,Age,CI_0004639,CL_0000670,Sex,CI_0005569
34.0,,,time,year,2014,2011WARDH,Geographic_Hierarchy,W05000852,CL_0000671,Age,CI_0004639,CL_0000670,Sex,CI_0005430
32.0,,,time,year,2014,2011WARDH,Geographic_Hierarchy,W05000852,CL_0000671,Age,CI_0004639,CL_0000670,Sex,CI_0005444
67.0,,,time,year,2014,2011WARDH,Geographic_Hierarchy,W05000852,CL_0000671,Age,CI_0004640,CL_0000670,Sex,CI_0005569
35.0,,,time,year,2014,2011WARDH,Geographic_Hierarchy,W05000852,CL_0000671,Age,CI_0004640,CL_0000670,Sex,CI_0005430
32.0,,,time,year,2014,2011WARDH,Geographic_Hierarchy,W05000852,CL_0000671,Age,CI_0004640,CL_0000670,Sex,CI_0005444
63.0,,,time,year,2014,2011WARDH,Geographic_Hierarchy,W05000852,CL_0000671,Age,CI_0004641,CL_0000670,Sex,CI_0005569
36.0,,,time,year,2014,2011WARDH,Geographic_Hierarchy,W05000852,CL_0000671,Age,CI_0004641,CL_0000670,Sex,CI_0005430
27.0,,,time,year,2014,2011WARDH,Geographic_Hierarchy,W05000852,CL_0000671,Age,CI_0004641,CL_0000670,Sex,CI_0005444
62.0,,,time,year,2014,2011WARDH,Geographic_Hierarchy,W05000852,CL_0000671,Age,CI_0000013,CL_0000670,Sex,CI_0005569
34.0,,,time,year,2014,2011WARDH,Geographic_Hierarchy,W05000852,CL_0000671,Age,CI_0000013,CL_0000670,Sex,CI_0005430
28.0,,,time,year,2014,2011WARDH,Geographic_Hierarchy,W05000852,CL_0000671,Age,CI_0000013,CL_0000670,Sex,CI_0005444
61.0,,,time,year,2014,2011WARDH,Geographic_Hierarchy,W05000852,CL_0000671,Age,CI_0000014,CL_0000670,Sex,CI_0005569
39.0,,,time,year,2014,2011WARDH,Geographic_Hierarchy,W05000852,CL_0000671,Age,CI_0000014,CL_0000670,Sex,CI_0005430
22.0,,,time,year,2014,2011WARDH,Geographic_Hierarchy,W05000852,CL_0000671,Age,CI_0000014,CL_0000670,Sex,CI_0005444
58.0,,,time,year,2014,2011WARDH,Geographic_Hierarchy,W05000852,CL_0000671,Age,CI_0004643,CL_0000670,Sex,CI_0005569
29.0,,,time,year,2014,2011WARDH,Geographic_Hierarchy,W05000852,CL_0000671,Age,CI_0004643,CL_0000670,Sex,CI_0005430
29.0,,,time,year,2014,2011WARDH,Geographic_Hierarchy,W05000852,CL_0000671,Age,CI_0004643,CL_0000670,Sex,CI_0005444
49.0,,,time,year,2014,2011WARDH,Geographic_Hierarchy,W05000852,CL_0000671,Age,CI_0004644,CL_0000670,Sex,CI_0005569
22.0,,,time,year,2014,2011WARDH,Geographic_Hierarchy,W05000852,CL_0000671,Age,CI_0004644,CL_0000670,Sex,CI_0005430
27.0,,,time,year,2014,2011WARDH,Geographic_Hierarchy,W05000852,CL_0000671,Age,CI_0004644,CL_0000670,Sex,CI_0005444
53.0,,,time,year,2014,2011WARDH,Geographic_Hierarchy,W05000852,CL_0000671,Age,CI_0004646,CL_0000670,Sex,CI_0005569
29.0,,,time,year,2014,2011WARDH,Geographic_Hierarchy,W05000852,CL_0000671,Age,CI_0004646,CL_0000670,Sex,CI_0005430
24.0,,,time,year,2014,2011WARDH,Geographic_Hierarchy,W05000852,CL_0000671,Age,CI_0004646,CL_0000670,Sex,CI_0005444
41.0,,,time,year,2014,2011WARDH,Geographic_Hierarchy,W05000852,CL_0000671,Age,CI_0007361,CL_0000670,Sex,CI_0005569
24.0,,,time,year,2014,2011WARDH,Geographic_Hierarchy,W05000852,CL_0000671,Age,CI_0007361,CL_0000670,Sex,CI_0005430
17.0,,,time,year,2014,2011WARDH,Geographic_Hierarchy,W05000852,CL_0000671,Age,CI_0007361,CL_0000670,Sex,CI_0005444
56.0,,,time,year,2014,2011WARDH,Geographic_Hierarchy,W05000852,CL_0000671,Age,CI_0005553,CL_0000670,Sex,CI_0005569
28.0,,,time,year,2014,2011WARDH,Geographic_Hierarchy,W05000852,CL_0000671,Age,CI_0005553,CL_0000670,Sex,CI_0005430
28.0,,,time,year,2014,2011WARDH,Geographic_Hierarchy,W05000852,CL_0000671,Age,CI_0005553,CL_0000670,Sex,CI_0005444
44.0,,,time,year,2014,2011WARDH,Geographic_Hierarchy,W05000852,CL_0000671,Age,CI_0007362,CL_0000670,Sex,CI_0005569
29.0,,,time,year,2014,2011WARDH,Geographic_Hierarchy,W05000852,CL_0000671,Age,CI_0007362,CL_0000670,Sex,CI_0005430
15.0,,,time,year,2014,2011WARDH,Geographic_Hierarchy,W05000852,CL_0000671,Age,CI_0007362,CL_0000670,Sex,CI_0005444
32.0,,,time,year,2014,2011WARDH,Geographic_Hierarchy,W05000852,CL_0000671,Age,CI_0004652,CL_0000670,Sex,CI_0005569
19.0,,,time,year,2014,2011WARDH,Geographic_Hierarchy,W05000852,CL_0000671,Age,CI_0004652,CL_0000670,Sex,CI_0005430
13.0,,,time,year,2014,2011WARDH,Geographic_Hierarchy,W05000852,CL_0000671,Age,CI_0004652,CL_0000670,Sex,CI_0005444
25.0,,,time,year,2014,2011WARDH,Geographic_Hierarchy,W05000852,CL_0000671,Age,CI_0004653,CL_0000670,Sex,CI_0005569
12.0,,,time,year,2014,2011WARDH,Geographic_Hierarchy,W05000852,CL_0000671,Age,CI_0004653,CL_0000670,Sex,CI_0005430
13.0,,,time,year,2014,2011WARDH,Geographic_Hierarchy,W05000852,CL_0000671,Age,CI_0004653,CL_0000670,Sex,CI_0005444
41.0,,,time,year,2014,2011WARDH,Geographic_Hierarchy,W05000852,CL_0000671,Age,CI_0000740,CL_0000670,Sex,CI_0005569
16.0,,,time,year,2014,2011WARDH,Geographic_Hierarchy,W05000852,CL_0000671,Age,CI_0000740,CL_0000670,Sex,CI_0005430
25.0,,,time,year,2014,2011WARDH,Geographic_Hierarchy,W05000852,CL_0000671,Age,CI_0000740,CL_0000670,Sex,CI_0005444
39.0,,,time,year,2014,2011WARDH,Geographic_Hierarchy,W05000852,CL_0000671,Age,CI_0000741,CL_0000670,Sex,CI_0005569
18.0,,,time,year,2014,2011WARDH,Geographic_Hierarchy,W05000852,CL_0000671,Age,CI_0000741,CL_0000670,Sex,CI_0005430
21.0,,,time,year,2014,2011WARDH,Geographic_Hierarchy,W05000852,CL_0000671,Age,CI_0000741,CL_0000670,Sex,CI_0005444
30.0,,,time,year,2014,2011WARDH,Geographic_Hierarchy,W05000852,CL_0000671,Age,CI_0004655,CL_0000670,Sex,CI_0005569
12.0,,,time,year,2014,2011WARDH,Geographic_Hierarchy,W05000852,CL_0000671,Age,CI_0004655,CL_0000670,Sex,CI_0005430
18.0,,,time,year,2014,2011WARDH,Geographic_Hierarchy,W05000852,CL_0000671,Age,CI_0004655,CL_0000670,Sex,CI_0005444
45.0,,,time,year,2014,2011WARDH,Geographic_Hierarchy,W05000852,CL_0000671,Age,CI_0004656,CL_0000670,Sex,CI_0005569
18.0,,,time,year,2014,2011WARDH,Geographic_Hierarchy,W05000852,CL_0000671,Age,CI_0004656,CL_0000670,Sex,CI_0005430
27.0,,,time,year,2014,2011WARDH,Geographic_Hierarchy,W05000852,CL_0000671,Age,CI_0004656,CL_0000670,Sex,CI_0005444
29.0,,,time,year,2014,2011WARDH,Geographic_Hierarchy,W05000852,CL_0000671,Age,CI_0004658,CL_0000670,Sex,CI_0005569
13.0,,,time,year,2014,2011WARDH,Geographic_Hierarchy,W05000852,CL_0000671,Age,CI_0004658,CL_0000670,Sex,CI_0005430
16.0,,,time,year,2014,2011WARDH,Geographic_Hierarchy,W05000852,CL_0000671,Age,CI_0004658,CL_0000670,Sex,CI_0005444
32.0,,,time,year,2014,2011WARDH,Geographic_Hierarchy,W05000852,CL_0000671,Age,CI_0005554,CL_0000670,Sex,CI_0005569
15.0,,,time,year,2014,2011WARDH,Geographic_Hierarchy,W05000852,CL_0000671,Age,CI_0005554,CL_0000670,Sex,CI_0005430
17.0,,,time,year,2014,2011WARDH,Geographic_Hierarchy,W05000852,CL_0000671,Age,CI_0005554,CL_0000670,Sex,CI_0005444
37.0,,,time,year,2014,2011WARDH,Geographic_Hierarchy,W05000852,CL_0000671,Age,CI_0004659,CL_0000670,Sex,CI_0005569
23.0,,,time,year,2014,2011WARDH,Geographic_Hierarchy,W05000852,CL_0000671,Age,CI_0004659,CL_0000670,Sex,CI_0005430
14.0,,,time,year,2014,2011WARDH,Geographic_Hierarchy,W05000852,CL_0000671,Age,CI_0004659,CL_0000670,Sex,CI_0005444
28.0,,,time,year,2014,2011WARDH,Geographic_Hierarchy,W05000852,CL_0000671,Age,CI_0004660,CL_0000670,Sex,CI_0005569
13.0,,,time,year,2014,2011WARDH,Geographic_Hierarchy,W05000852,CL_0000671,Age,CI_0004660,CL_0000670,Sex,CI_0005430
15.0,,,time,year,2014,2011WARDH,Geographic_Hierarchy,W05000852,CL_0000671,Age,CI_0004660,CL_0000670,Sex,CI_0005444
28.0,,,time,year,2014,2011WARDH,Geographic_Hierarchy,W05000852,CL_0000671,Age,CI_0004662,CL_0000670,Sex,CI_0005569
16.0,,,time,year,2014,2011WARDH,Geographic_Hierarchy,W05000852,CL_0000671,Age,CI_0004662,CL_0000670,Sex,CI_0005430
12.0,,,time,year,2014,2011WARDH,Geographic_Hierarchy,W05000852,CL_0000671,Age,CI_0004662,CL_0000670,Sex,CI_0005444
26.0,,,time,year,2014,2011WARDH,Geographic_Hierarchy,W05000852,CL_0000671,Age,CI_0004663,CL_0000670,Sex,CI_0005569
17.0,,,time,year,2014,2011WARDH,Geographic_Hierarchy,W05000852,CL_0000671,Age,CI_0004663,CL_0000670,Sex,CI_0005430
9.0,,,time,year,2014,2011WARDH,Geographic_Hierarchy,W05000852,CL_0000671,Age,CI_0004663,CL_0000670,Sex,CI_0005444
24.0,,,time,year,2014,2011WARDH,Geographic_Hierarchy,W05000852,CL_0000671,Age,CI_0000098,CL_0000670,Sex,CI_0005569
11.0,,,time,year,2014,2011WARDH,Geographic_Hierarchy,W05000852,CL_0000671,Age,CI_0000098,CL_0000670,Sex,CI_0005430
13.0,,,time,year,2014,2011WARDH,Geographic_Hierarchy,W05000852,CL_0000671,Age,CI_0000098,CL_0000670,Sex,CI_0005444
18.0,,,time,year,2014,2011WARDH,Geographic_Hierarchy,W05000852,CL_0000671,Age,CI_0000096,CL_0000670,Sex,CI_0005569
6.0,,,time,year,2014,2011WARDH,Geographic_Hierarchy,W05000852,CL_0000671,Age,CI_0000096,CL_0000670,Sex,CI_0005430
12.0,,,time,year,2014,2011WARDH,Geographic_Hierarchy,W05000852,CL_0000671,Age,CI_0000096,CL_0000670,Sex,CI_0005444
16.0,,,time,year,2014,2011WARDH,Geographic_Hierarchy,W05000852,CL_0000671,Age,CI_0005555,CL_0000670,Sex,CI_0005569
5.0,,,time,year,2014,2011WARDH,Geographic_Hierarchy,W05000852,CL_0000671,Age,CI_0005555,CL_0000670,Sex,CI_0005430
11.0,,,time,year,2014,2011WARDH,Geographic_Hierarchy,W05000852,CL_0000671,Age,CI_0005555,CL_0000670,Sex,CI_0005444
11.0,,,time,year,2014,2011WARDH,Geographic_Hierarchy,W05000852,CL_0000671,Age,CI_0004664,CL_0000670,Sex,CI_0005569
5.0,,,time,year,2014,2011WARDH,Geographic_Hierarchy,W05000852,CL_0000671,Age,CI_0004664,CL_0000670,Sex,CI_0005430
6.0,,,time,year,2014,2011WARDH,Geographic_Hierarchy,W05000852,CL_0000671,Age,CI_0004664,CL_0000670,Sex,CI_0005444
13.0,,,time,year,2014,2011WARDH,Geographic_Hierarchy,W05000852,CL_0000671,Age,CI_0004666,CL_0000670,Sex,CI_0005569
4.0,,,time,year,2014,2011WARDH,Geographic_Hierarchy,W05000852,CL_0000671,Age,CI_0004666,CL_0000670,Sex,CI_0005430
9.0,,,time,year,2014,2011WARDH,Geographic_Hierarchy,W05000852,CL_0000671,Age,CI_0004666,CL_0000670,Sex,CI_0005444
11.0,,,time,year,2014,2011WARDH,Geographic_Hierarchy,W05000852,CL_0000671,Age,CI_0004667,CL_0000670,Sex,CI_0005569
2.0,,,time,year,2014,2011WARDH,Geographic_Hierarchy,W05000852,CL_0000671,Age,CI_0004667,CL_0000670,Sex,CI_0005430
9.0,,,time,year,2014,2011WARDH,Geographic_Hierarchy,W05000852,CL_0000671,Age,CI_0004667,CL_0000670,Sex,CI_0005444
12.0,,,time,year,2014,2011WARDH,Geographic_Hierarchy,W05000852,CL_0000671,Age,CI_0004668,CL_0000670,Sex,CI_0005569
2.0,,,time,year,2014,2011WARDH,Geographic_Hierarchy,W05000852,CL_0000671,Age,CI_0004668,CL_0000670,Sex,CI_0005430
10.0,,,time,year,2014,2011WARDH,Geographic_Hierarchy,W05000852,CL_0000671,Age,CI_0004668,CL_0000670,Sex,CI_0005444
14.0,,,time,year,2014,2011WARDH,Geographic_Hierarchy,W05000852,CL_0000671,Age,CI_0004669,CL_0000670,Sex,CI_0005569
5.0,,,time,year,2014,2011WARDH,Geographic_Hierarchy,W05000852,CL_0000671,Age,CI_0004669,CL_0000670,Sex,CI_0005430
9.0,,,time,year,2014,2011WARDH,Geographic_Hierarchy,W05000852,CL_0000671,Age,CI_0004669,CL_0000670,Sex,CI_0005444
8.0,,,time,year,2014,2011WARDH,Geographic_Hierarchy,W05000852,CL_0000671,Age,CI_0005556,CL_0000670,Sex,CI_0005569
3.0,,,time,year,2014,2011WARDH,Geographic_Hierarchy,W05000852,CL_0000671,Age,CI_0005556,CL_0000670,Sex,CI_0005430
5.0,,,time,year,2014,2011WARDH,Geographic_Hierarchy,W05000852,CL_0000671,Age,CI_0005556,CL_0000670,Sex,CI_0005444
29.0,,,time,year,2014,2011WARDH,Geographic_Hierarchy,W05000852,CL_0000671,Age,CI_0007363,CL_0000670,Sex,CI_0005569
7.0,,,time,year,2014,2011WARDH,Geographic_Hierarchy,W05000852,CL_0000671,Age,CI_0007363,CL_0000670,Sex,CI_0005430
22.0,,,time,year,2014,2011WARDH,Geographic_Hierarchy,W05000852,CL_0000671,Age,CI_0007363,CL_0000670,Sex,CI_0005444
2921.0,,,time,year,2014,2013HEALTHH,Geographic_Hierarchy,E38000198,CL_0000671,Age,CI_0000077,CL_0000670,Sex,CI_0005430
2869.0,,,time,year,2014,2013HEALTHH,Geographic_Hierarchy,E38000198,CL_0000671,Age,CI_0000077,CL_0000670,Sex,CI_0005444
5800.0,,,time,year,2014,2013HEALTHH,Geographic_Hierarchy,E38000198,CL_0000671,Age,CI_0000346,CL_0000670,Sex,CI_0005569
2951.0,,,time,year,2014,2013HEALTHH,Geographic_Hierarchy,E38000198,CL_0000671,Age,CI_0000346,CL_0000670,Sex,CI_0005430
2849.0,,,time,year,2014,2013HEALTHH,Geographic_Hierarchy,E38000198,CL_0000671,Age,CI_0000346,CL_0000670,Sex,CI_0005444
5957.0,,,time,year,2014,2013HEALTHH,Geographic_Hierarchy,E38000198,CL_0000671,Age,CI_0000345,CL_0000670,Sex,CI_0005569
2939.0,,,time,year,2014,2013HEALTHH,Geographic_Hierarchy,E38000198,CL_0000671,Age,CI_0000345,CL_0000670,Sex,CI_0005430
3018.0,,,time,year,2014,2013HEALTHH,Geographic_Hierarchy,E38000198,CL_0000671,Age,CI_0000345,CL_0000670,Sex,CI_0005444
5463.0,,,time,year,2014,2013HEALTHH,Geographic_Hierarchy,E38000198,CL_0000671,Age,CI_0000595,CL_0000670,Sex,CI_0005569
2710.0,,,time,year,2014,2013HEALTHH,Geographic_Hierarchy,E38000198,CL_0000671,Age,CI_0000595,CL_0000670,Sex,CI_0005430
2753.0,,,time,year,2014,2013HEALTHH,Geographic_Hierarchy,E38000198,CL_0000671,Age,CI_0000595,CL_0000670,Sex,CI_0005444
5288.0,,,time,year,2014,2013HEALTHH,Geographic_Hierarchy,E38000198,CL_0000671,Age,CI_0004617,CL_0000670,Sex,CI_0005569
2643.0,,,time,year,2014,2013HEALTHH,Geographic_Hierarchy,E38000198,CL_0000671,Age,CI_0004617,CL_0000670,Sex,CI_0005430
2645.0,,,time,year,2014,2013HEALTHH,Geographic_Hierarchy,E38000198,CL_0000671,Age,CI_0004617,CL_0000670,Sex,CI_0005444
5191.0,,,time,year,2014,2013HEALTHH,Geographic_Hierarchy,E38000198,CL_0000671,Age,CI_0004619,CL_0000670,Sex,CI_0005569
2489.0,,,time,year,2014,2013HEALTHH,Geographic_Hierarchy,E38000198,CL_0000671,Age,CI_0004619,CL_0000670,Sex,CI_0005430
2702.0,,,time,year,2014,2013HEALTHH,Geographic_Hierarchy,E38000198,CL_0000671,Age,CI_0004619,CL_0000670,Sex,CI_0005444
5129.0,,,time,year,2014,2013HEALTHH,Geographic_Hierarchy,E38000198,CL_0000671,Age,CI_0004621,CL_0000670,Sex,CI_0005569
2450.0,,,time,year,2014,2013HEALTHH,Geographic_Hierarchy,E38000198,CL_0000671,Age,CI_0004621,CL_0000670,Sex,CI_0005430
2679.0,,,time,year,2014,2013HEALTHH,Geographic_Hierarchy,E38000198,CL_0000671,Age,CI_0004621,CL_0000670,Sex,CI_0005444
5602.0,,,time,year,2014,2013HEALTHH,Geographic_Hierarchy,E38000198,CL_0000671,Age,CI_0000066,CL_0000670,Sex,CI_0005569
2728.0,,,time,year,2014,2013HEALTHH,Geographic_Hierarchy,E38000198,CL_0000671,Age,CI_0000066,CL_0000670,Sex,CI_0005430
2874.0,,,time,year,2014,2013HEALTHH,Geographic_Hierarchy,E38000198,CL_0000671,Age,CI_0000066,CL_0000670,Sex,CI_0005444
5587.0,,,time,year,2014,2013HEALTHH,Geographic_Hierarchy,E38000198,CL_0000671,Age,CI_0000065,CL_0000670,Sex,CI_0005569
2619.0,,,time,year,2014,2013HEALTHH,Geographic_Hierarchy,E38000198,CL_0000671,Age,CI_0000065,CL_0000670,Sex,CI_0005430
2968.0,,,time,year,2014,2013HEALTHH,Geographic_Hierarchy,E38000198,CL_0000671,Age,CI_0000065,CL_0000670,Sex,CI_0005444
5742.0,,,time,year,2014,2013HEALTHH,Geographic_Hierarchy,E38000198,CL_0000671,Age,CI_0000064,CL_0000670,Sex,CI_0005569
2683.0,,,time,year,2014,2013HEALTHH,Geographic_Hierarchy,E38000198,CL_0000671,Age,CI_0000064,CL_0000670,Sex,CI_0005430
3059.0,,,time,year,2014,2013HEALTHH,Geographic_Hierarchy,E38000198,CL_0000671,Age,CI_0000064,CL_0000670,Sex,CI_0005444
6273.0,,,time,year,2014,2013HEALTHH,Geographic_Hierarchy,E38000198,CL_0000671,Age,CI_0000063,CL_0000670,Sex,CI_0005569
2998.0,,,time,year,2014,2013HEALTHH,Geographic_Hierarchy,E38000198,CL_0000671,Age,CI_0000063,CL_0000670,Sex,CI_0005430
3275.0,,,time,year,2014,2013HEALTHH,Geographic_Hierarchy,E38000198,CL_0000671,Age,CI_0000063,CL_0000670,Sex,CI_0005444
6027.0,,,time,year,2014,2013HEALTHH,Geographic_Hierarchy,E38000198,CL_0000671,Age,CI_0000061,CL_0000670,Sex,CI_0005569
2806.0,,,time,year,2014,2013HEALTHH,Geographic_Hierarchy,E38000198,CL_0000671,Age,CI_0000061,CL_0000670,Sex,CI_0005430
3221.0,,,time,year,2014,2013HEALTHH,Geographic_Hierarchy,E38000198,CL_0000671,Age,CI_0000061,CL_0000670,Sex,CI_0005444
5838.0,,,time,year,2014,2013HEALTHH,Geographic_Hierarchy,E38000198,CL_0000671,Age,CI_0004623,CL_0000670,Sex,CI_0005569
2733.0,,,time,year,2014,2013HEALTHH,Geographic_Hierarchy,E38000198,CL_0000671,Age,CI_0004623,CL_0000670,Sex,CI_0005430
3105.0,,,time,year,2014,2013HEALTHH,Geographic_Hierarchy,E38000198,CL_0000671,Age,CI_0004623,CL_0000670,Sex,CI_0005444
5981.0,,,time,year,2014,2013HEALTHH,Geographic_Hierarchy,E38000198,CL_0000671,Age,CI_0004624,CL_0000670,Sex,CI_0005569
2869.0,,,time,year,2014,2013HEALTHH,Geographic_Hierarchy,E38000198,CL_0000671,Age,CI_0004624,CL_0000670,Sex,CI_0005430
3112.0,,,time,year,2014,2013HEALTHH,Geographic_Hierarchy,E38000198,CL_0000671,Age,CI_0004624,CL_0000670,Sex,CI_0005444
6139.0,,,time,year,2014,2013HEALTHH,Geographic_Hierarchy,E38000198,CL_0000671,Age,CI_0005547,CL_0000670,Sex,CI_0005569
2931.0,,,time,year,2014,2013HEALTHH,Geographic_Hierarchy,E38000198,CL_0000671,Age,CI_0005547,CL_0000670,Sex,CI_0005430
3208.0,,,time,year,2014,2013HEALTHH,Geographic_Hierarchy,E38000198,CL_0000671,Age,CI_0005547,CL_0000670,Sex,CI_0005444
6728.0,,,time,year,2014,2013HEALTHH,Geographic_Hierarchy,E38000198,CL_0000671,Age,CI_0005548,CL_0000670,Sex,CI_0005569
3261.0,,,time,year,2014,2013HEALTHH,Geographic_Hierarchy,E38000198,CL_0000671,Age,CI_0005548,CL_0000670,Sex,CI_0005430
3467.0,,,time,year,2014,2013HEALTHH,Geographic_Hierarchy,E38000198,CL_0000671,Age,CI_0005548,CL_0000670,Sex,CI_0005444
6847.0,,,time,year,2014,2013HEALTHH,Geographic_Hierarchy,E38000198,CL_0000671,Age,CI_0005549,CL_0000670,Sex,CI_0005569
3234.0,,,time,year,2014,2013HEALTHH,Geographic_Hierarchy,E38000198,CL_0000671,Age,CI_0005549,CL_0000670,Sex,CI_0005430
3613.0,,,time,year,2014,2013HEALTHH,Geographic_Hierarchy,E38000198,CL_0000671,Age,CI_0005549,CL_0000670,Sex,CI_0005444
7394.0,,,time,year,2014,2013HEALTHH,Geographic_Hierarchy,E38000198,CL_0000671,Age,CI_0000059,CL_0000670,Sex,CI_0005569
3496.0,,,time,year,2014,2013HEALTHH,Geographic_Hierarchy,E38000198,CL_0000671,Age,CI_0000059,CL_0000670,Sex,CI_0005430
3898.0,,,time,year,2014,2013HEALTHH,Geographic_Hierarchy,E38000198,CL_0000671,Age,CI_0000059,CL_0000670,Sex,CI_0005444
7608.0,,,time,year,2014,2013HEALTHH,Geographic_Hierarchy,E38000198,CL_0000671,Age,CI_0000060,CL_0000670,Sex,CI_0005569
3646.0,,,time,year,2014,2013HEALTHH,Geographic_Hierarchy,E38000198,CL_0000671,Age,CI_0000060,CL_0000670,Sex,CI_0005430
3962.0,,,time,year,2014,2013HEALTHH,Geographic_Hierarchy,E38000198,CL_0000671,Age,CI_0000060,CL_0000670,Sex,CI_0005444
7855.0,,,time,year,2014,2013HEALTHH,Geographic_Hierarchy,E38000198,CL_0000671,Age,CI_0004627,CL_0000670,Sex,CI_0005569
3834.0,,,time,year,2014,2013HEALTHH,Geographic_Hierarchy,E38000198,CL_0000671,Age,CI_0004627,CL_0000670,Sex,CI_0005430
4021.0,,,time,year,2014,2013HEALTHH,Geographic_Hierarchy,E38000198,CL_0000671,Age,CI_0004627,CL_0000670,Sex,CI_0005444
7647.0,,,time,year,2014,2013HEALTHH,Geographic_Hierarchy,E38000198,CL_0000671,Age,CI_0005550,CL_0000670,Sex,CI_0005569
3782.0,,,time,year,2014,2013HEALTHH,Geographic_Hierarchy,E38000198,CL_0000671,Age,CI_0005550,CL_0000670,Sex,CI_0005430
3865.0,,,time,year,2014,2013HEALTHH,Geographic_Hierarchy,E38000198,CL_0000671,Age,CI_0005550,CL_0000670,Sex,CI_0005444
7923.0,,,time,year,2014,2013HEALTHH,Geographic_Hierarchy,E38000198,CL_0000671,Age,CI_0004628,CL_0000670,Sex,CI_0005569
3846.0,,,time,year,2014,2013HEALTHH,Geographic_Hierarchy,E38000198,CL_0000671,Age,CI_0004628,CL_0000670,Sex,CI_0005430
4077.0,,,time,year,2014,2013HEALTHH,Geographic_Hierarchy,E38000198,CL_0000671,Age,CI_0004628,CL_0000670,Sex,CI_0005444
7964.0,,,time,year,2014,2013HEALTHH,Geographic_Hierarchy,E38000198,CL_0000671,Age,CI_0004631,CL_0000670,Sex,CI_0005569
3903.0,,,time,year,2014,2013HEALTHH,Geographic_Hierarchy,E38000198,CL_0000671,Age,CI_0004631,CL_0000670,Sex,CI_0005430
4061.0,,,time,year,2014,2013HEALTHH,Geographic_Hierarchy,E38000198,CL_0000671,Age,CI_0004631,CL_0000670,Sex,CI_0005444
8186.0,,,time,year,2014,2013HEALTHH,Geographic_Hierarchy,E38000198,CL_0000671,Age,CI_0004632,CL_0000670,Sex,CI_0005569
3985.0,,,time,year,2014,2013HEALTHH,Geographic_Hierarchy,E38000198,CL_0000671,Age,CI_0004632,CL_0000670,Sex,CI_0005430
4201.0,,,time,year,2014,2013HEALTHH,Geographic_Hierarchy,E38000198,CL_0000671,Age,CI_0004632,CL_0000670,Sex,CI_0005444
8429.0,,,time,year,2014,2013HEALTHH,Geographic_Hierarchy,E38000198,CL_0000671,Age,CI_0005551,CL_0000670,Sex,CI_0005569
4100.0,,,time,year,2014,2013HEALTHH,Geographic_Hierarchy,E38000198,CL_0000671,Age,CI_0005551,CL_0000670,Sex,CI_0005430
4329.0,,,time,year,2014,2013HEALTHH,Geographic_Hierarchy,E38000198,CL_0000671,Age,CI_0005551,CL_0000670,Sex,CI_0005444
8720.0,,,time,year,2014,2013HEALTHH,Geographic_Hierarchy,E38000198,CL_0000671,Age,CI_0004633,CL_0000670,Sex,CI_0005569
4205.0,,,time,year,2014,2013HEALTHH,Geographic_Hierarchy,E38000198,CL_0000671,Age,CI_0004633,CL_0000670,Sex,CI_0005430
4515.0,,,time,year,2014,2013HEALTHH,Geographic_Hierarchy,E38000198,CL_0000671,Age,CI_0004633,CL_0000670,Sex,CI_0005444
8624.0,,,time,year,2014,2013HEALTHH,Geographic_Hierarchy,E38000198,CL_0000671,Age,CI_0004635,CL_0000670,Sex,CI_0005569
4190.0,,,time,year,2014,2013HEALTHH,Geographic_Hierarchy,E38000198,CL_0000671,Age,CI_0004635,CL_0000670,Sex,CI_0005430
4434.0,,,time,year,2014,2013HEALTHH,Geographic_Hierarchy,E38000198,CL_0000671,Age,CI_0004635,CL_0000670,Sex,CI_0005444
8580.0,,,time,year,2014,2013HEALTHH,Geographic_Hierarchy,E38000198,CL_0000671,Age,CI_0000039,CL_0000670,Sex,CI_0005569
4179.0,,,time,year,2014,2013HEALTHH,Geographic_Hierarchy,E38000198,CL_0000671,Age,CI_0000039,CL_0000670,Sex,CI_0005430
4401.0,,,time,year,2014,2013HEALTHH,Geographic_Hierarchy,E38000198,CL_0000671,Age,CI_0000039,CL_0000670,Sex,CI_0005444
8135.0,,,time,year,2014,2013HEALTHH,Geographic_Hierarchy,E38000198,CL_0000671,Age,CI_0000040,CL_0000670,Sex,CI_0005569
3962.0,,,time,year,2014,2013HEALTHH,Geographic_Hierarchy,E38000198,CL_0000671,Age,CI_0000040,CL_0000670,Sex,CI_0005430
4173.0,,,time,year,2014,2013HEALTHH,Geographic_Hierarchy,E38000198,CL_0000671,Age,CI_0000040,CL_0000670,Sex,CI_0005444
8035.0,,,time,year,2014,2013HEALTHH,Geographic_Hierarchy,E38000198,CL_0000671,Age,CI_0000043,CL_0000670,Sex,CI_0005569
4012.0,,,time,year,2014,2013HEALTHH,Geographic_Hierarchy,E38000198,CL_0000671,Age,CI_0000043,CL_0000670,Sex,CI_0005430
4023.0,,,time,year,2014,2013HEALTHH,Geographic_Hierarchy,E38000198,CL_0000671,Age,CI_0000043,CL_0000670,Sex,CI_0005444
7540.0,,,time,year,2014,2013HEALTHH,Geographic_Hierarchy,E38000198,CL_0000671,Age,CI_0000044,CL_0000670,Sex,CI_0005569
3767.0,,,time,year,2014,2013HEALTHH,Geographic_Hierarchy,E38000198,CL_0000671,Age,CI_0000044,CL_0000670,Sex,CI_0005430
3773.0,,,time,year,2014,2013HEALTHH,Geographic_Hierarchy,E38000198,CL_0000671,Age,CI_0000044,CL_0000670,Sex,CI_0005444
7632.0,,,time,year,2014,2013HEALTHH,Geographic_Hierarchy,E38000198,CL_0000671,Age,CI_0004636,CL_0000670,Sex,CI_0005569
3761.0,,,time,year,2014,2013HEALTHH,Geographic_Hierarchy,E38000198,CL_0000671,Age,CI_0004636,CL_0000670,Sex,CI_0005430
3871.0,,,time,year,2014,2013HEALTHH,Geographic_Hierarchy,E38000198,CL_0000671,Age,CI_0004636,CL_0000670,Sex,CI_0005444
7460.0,,,time,year,2014,2013HEALTHH,Geographic_Hierarchy,E38000198,CL_0000671,Age,CI_0004637,CL_0000670,Sex,CI_0005569
3668.0,,,time,year,2014,2013HEALTHH,Geographic_Hierarchy,E38000198,CL_0000671,Age,CI_0004637,CL_0000670,Sex,CI_0005430
3792.0,,,time,year,2014,2013HEALTHH,Geographic_Hierarchy,E38000198,CL_0000671,Age,CI_0004637,CL_0000670,Sex,CI_0005444
7366.0,,,time,year,2014,2013HEALTHH,Geographic_Hierarchy,E38000198,CL_0000671,Age,CI_0005552,CL_0000670,Sex,CI_0005569
3704.0,,,time,year,2014,2013HEALTHH,Geographic_Hierarchy,E38000198,CL_0000671,Age,CI_0005552,CL_0000670,Sex,CI_0005430
3662.0,,,time,year,2014,2013HEALTHH,Geographic_Hierarchy,E38000198,CL_0000671,Age,CI_0005552,CL_0000670,Sex,CI_0005444
6879.0,,,time,year,2014,2013HEALTHH,Geographic_Hierarchy,E38000198,CL_0000671,Age,CI_0004639,CL_0000670,Sex,CI_0005569
3378.0,,,time,year,2014,2013HEALTHH,Geographic_Hierarchy,E38000198,CL_0000671,Age,CI_0004639,CL_0000670,Sex,CI_0005430
3501.0,,,time,year,2014,2013HEALTHH,Geographic_Hierarchy,E38000198,CL_0000671,Age,CI_0004639,CL_0000670,Sex,CI_0005444
6829.0,,,time,year,2014,2013HEALTHH,Geographic_Hierarchy,E38000198,CL_0000671,Age,CI_0004640,CL_0000670,Sex,CI_0005569
3350.0,,,time,year,2014,2013HEALTHH,Geographic_Hierarchy,E38000198,CL_0000671,Age,CI_0004640,CL_0000670,Sex,CI_0005430
3479.0,,,time,year,2014,2013HEALTHH,Geographic_Hierarchy,E38000198,CL_0000671,Age,CI_0004640,CL_0000670,Sex,CI_0005444
6790.0,,,time,year,2014,2013HEALTHH,Geographic_Hierarchy,E38000198,CL_0000671,Age,CI_0004641,CL_0000670,Sex,CI_0005569
3360.0,,,time,year,2014,2013HEALTHH,Geographic_Hierarchy,E38000198,CL_0000671,Age,CI_0004641,CL_0000670,Sex,CI_0005430
3430.0,,,time,year,2014,2013HEALTHH,Geographic_Hierarchy,E38000198,CL_0000671,Age,CI_0004641,CL_0000670,Sex,CI_0005444
6789.0,,,time,year,2014,2013HEALTHH,Geographic_Hierarchy,E38000198,CL_0000671,Age,CI_0000013,CL_0000670,Sex,CI_0005569
3307.0,,,time,year,2014,2013HEALTHH,Geographic_Hierarchy,E38000198,CL_0000671,Age,CI_0000013,CL_0000670,Sex,CI_0005430
3482.0,,,time,year,2014,2013HEALTHH,Geographic_Hierarchy,E38000198,CL_0000671,Age,CI_0000013,CL_0000670,Sex,CI_0005444
6759.0,,,time,year,2014,2013HEALTHH,Geographic_Hierarchy,E38000198,CL_0000671,Age,CI_0000014,CL_0000670,Sex,CI_0005569
3245.0,,,time,year,2014,2013HEALTHH,Geographic_Hierarchy,E38000198,CL_0000671,Age,CI_0000014,CL_0000670,Sex,CI_0005430
3514.0,,,time,year,2014,2013HEALTHH,Geographic_Hierarchy,E38000198,CL_0000671,Age,CI_0000014,CL_0000670,Sex,CI_0005444
6802.0,,,time,year,2014,2013HEALTHH,Geographic_Hierarchy,E38000198,CL_0000671,Age,CI_0004643,CL_0000670,Sex,CI_0005569
3281.0,,,time,year,2014,2013HEALTHH,Geographic_Hierarchy,E38000198,CL_0000671,Age,CI_0004643,CL_0000670,Sex,CI_0005430
3521.0,,,time,year,2014,2013HEALTHH,Geographic_Hierarchy,E38000198,CL_0000671,Age,CI_0004643,CL_0000670,Sex,CI_0005444
7075.0,,,time,year,2014,2013HEALTHH,Geographic_Hierarchy,E38000198,CL_0000671,Age,CI_0004644,CL_0000670,Sex,CI_0005569
3372.0,,,time,year,2014,2013HEALTHH,Geographic_Hierarchy,E38000198,CL_0000671,Age,CI_0004644,CL_0000670,Sex,CI_0005430
3703.0,,,time,year,2014,2013HEALTHH,Geographic_Hierarchy,E38000198,CL_0000671,Age,CI_0004644,CL_0000670,Sex,CI_0005444
7330.0,,,time,year,2014,2013HEALTHH,Geographic_Hierarchy,E38000198,CL_0000671,Age,CI_0004646,CL_0000670,Sex,CI_0005569
3545.0,,,time,year,2014,2013HEALTHH,Geographic_Hierarchy,E38000198,CL_0000671,Age,CI_0004646,CL_0000670,Sex,CI_0005430
3785.0,,,time,year,2014,2013HEALTHH,Geographic_Hierarchy,E38000198,CL_0000671,Age,CI_0004646,CL_0000670,Sex,CI_0005444
7805.0,,,time,year,2014,2013HEALTHH,Geographic_Hierarchy,E38000198,CL_0000671,Age,CI_0007361,CL_0000670,Sex,CI_0005569
3807.0,,,time,year,2014,2013HEALTHH,Geographic_Hierarchy,E38000198,CL_0000671,Age,CI_0007361,CL_0000670,Sex,CI_0005430
3998.0,,,time,year,2014,2013HEALTHH,Geographic_Hierarchy,E38000198,CL_0000671,Age,CI_0007361,CL_0000670,Sex,CI_0005444
8821.0,,,time,year,2014,2013HEALTHH,Geographic_Hierarchy,E38000198,CL_0000671,Age,CI_0005553,CL_0000670,Sex,CI_0005569
4302.0,,,time,year,2014,2013HEALTHH,Geographic_Hierarchy,E38000198,CL_0000671,Age,CI_0005553,CL_0000670,Sex,CI_0005430
4519.0,,,time,year,2014,2013HEALTHH,Geographic_Hierarchy,E38000198,CL_0000671,Age,CI_0005553,CL_0000670,Sex,CI_0005444
6729.0,,,time,year,2014,2013HEALTHH,Geographic_Hierarchy,E38000198,CL_0000671,Age,CI_0007362,CL_0000670,Sex,CI_0005569
3235.0,,,time,year,2014,2013HEALTHH,Geographic_Hierarchy,E38000198,CL_0000671,Age,CI_0007362,CL_0000670,Sex,CI_0005430
3494.0,,,time,year,2014,2013HEALTHH,Geographic_Hierarchy,E38000198,CL_0000671,Age,CI_0007362,CL_0000670,Sex,CI_0005444
6616.0,,,time,year,2014,2013HEALTHH,Geographic_Hierarchy,E38000198,CL_0000671,Age,CI_0004652,CL_0000670,Sex,CI_0005569
3283.0,,,time,year,2014,2013HEALTHH,Geographic_Hierarchy,E38000198,CL_0000671,Age,CI_0004652,CL_0000670,Sex,CI_0005430
3333.0,,,time,year,2014,2013HEALTHH,Geographic_Hierarchy,E38000198,CL_0000671,Age,CI_0004652,CL_0000670,Sex,CI_0005444
6460.0,,,time,year,2014,2013HEALTHH,Geographic_Hierarchy,E38000198,CL_0000671,Age,CI_0004653,CL_0000670,Sex,CI_0005569
3096.0,,,time,year,2014,2013HEALTHH,Geographic_Hierarchy,E38000198,CL_0000671,Age,CI_0004653,CL_0000670,Sex,CI_0005430
3364.0,,,time,year,2014,2013HEALTHH,Geographic_Hierarchy,E38000198,CL_0000671,Age,CI_0004653,CL_0000670,Sex,CI_0005444
5977.0,,,time,year,2014,2013HEALTHH,Geographic_Hierarchy,E38000198,CL_0000671,Age,CI_0000740,CL_0000670,Sex,CI_0005569
2802.0,,,time,year,2014,2013HEALTHH,Geographic_Hierarchy,E38000198,CL_0000671,Age,CI_0000740,CL_0000670,Sex,CI_0005430
3175.0,,,time,year,2014,2013HEALTHH,Geographic_Hierarchy,E38000198,CL_0000671,Age,CI_0000740,CL_0000670,Sex,CI_0005444
5324.0,,,time,year,2014,2013HEALTHH,Geographic_Hierarchy,E38000198,CL_0000671,Age,CI_0000741,CL_0000670,Sex,CI_0005569
2512.0,,,time,year,2014,2013HEALTHH,Geographic_Hierarchy,E38000198,CL_0000671,Age,CI_0000741,CL_0000670,Sex,CI_0005430
2812.0,,,time,year,2014,2013HEALTHH,Geographic_Hierarchy,E38000198,CL_0000671,Age,CI_0000741,CL_0000670,Sex,CI_0005444
4642.0,,,time,year,2014,2013HEALTHH,Geographic_Hierarchy,E38000198,CL_0000671,Age,CI_0004655,CL_0000670,Sex,CI_0005569
2255.0,,,time,year,2014,2013HEALTHH,Geographic_Hierarchy,E38000198,CL_0000671,Age,CI_0004655,CL_0000670,Sex,CI_0005430
2387.0,,,time,year,2014,2013HEALTHH,Geographic_Hierarchy,E38000198,CL_0000671,Age,CI_0004655,CL_0000670,Sex,CI_0005444
4927.0,,,time,year,2014,2013HEALTHH,Geographic_Hierarchy,E38000198,CL_0000671,Age,CI_0004656,CL_0000670,Sex,CI_0005569
2307.0,,,time,year,2014,2013HEALTHH,Geographic_Hierarchy,E38000198,CL_0000671,Age,CI_0004656,CL_0000670,Sex,CI_0005430
2620.0,,,time,year,2014,2013HEALTHH,Geographic_Hierarchy,E38000198,CL_0000671,Age,CI_0004656,CL_0000670,Sex,CI_0005444
4767.0,,,time,year,2014,2013HEALTHH,Geographic_Hierarchy,E38000198,CL_0000671,Age,CI_0004658,CL_0000670,Sex,CI_0005569
2241.0,,,time,year,2014,2013HEALTHH,Geographic_Hierarchy,E38000198,CL_0000671,Age,CI_0004658,CL_0000670,Sex,CI_0005430
2526.0,,,time,year,2014,2013HEALTHH,Geographic_Hierarchy,E38000198,CL_0000671,Age,CI_0004658,CL_0000670,Sex,CI_0005444
4778.0,,,time,year,2014,2013HEALTHH,Geographic_Hierarchy,E38000198,CL_0000671,Age,CI_0005554,CL_0000670,Sex,CI_0005569
2190.0,,,time,year,2014,2013HEALTHH,Geographic_Hierarchy,E38000198,CL_0000671,Age,CI_0005554,CL_0000670,Sex,CI_0005430
2588.0,,,time,year,2014,2013HEALTHH,Geographic_Hierarchy,E38000198,CL_0000671,Age,CI_0005554,CL_0000670,Sex,CI_0005444
4501.0,,,time,year,2014,2013HEALTHH,Geographic_Hierarchy,E38000198,CL_0000671,Age,CI_0004659,CL_0000670,Sex,CI_0005569
2108.0,,,time,year,2014,2013HEALTHH,Geographic_Hierarchy,E38000198,CL_0000671,Age,CI_0004659,CL_0000670,Sex,CI_0005430
2393.0,,,time,year,2014,2013HEALTHH,Geographic_Hierarchy,E38000198,CL_0000671,Age,CI_0004659,CL_0000670,Sex,CI_0005444
4316.0,,,time,year,2014,2013HEALTHH,Geographic_Hierarchy,E38000198,CL_0000671,Age,CI_0004660,CL_0000670,Sex,CI_0005569
2018.0,,,time,year,2014,2013HEALTHH,Geographic_Hierarchy,E38000198,CL_0000671,Age,CI_0004660,CL_0000670,Sex,CI_0005430
2298.0,,,time,year,2014,2013HEALTHH,Geographic_Hierarchy,E38000198,CL_0000671,Age,CI_0004660,CL_0000670,Sex,CI_0005444
4070.0,,,time,year,2014,2013HEALTHH,Geographic_Hierarchy,E38000198,CL_0000671,Age,CI_0004662,CL_0000670,Sex,CI_0005569
1882.0,,,time,year,2014,2013HEALTHH,Geographic_Hierarchy,E38000198,CL_0000671,Age,CI_0004662,CL_0000670,Sex,CI_0005430
2188.0,,,time,year,2014,2013HEALTHH,Geographic_Hierarchy,E38000198,CL_0000671,Age,CI_0004662,CL_0000670,Sex,CI_0005444
3724.0,,,time,year,2014,2013HEALTHH,Geographic_Hierarchy,E38000198,CL_0000671,Age,CI_0004663,CL_0000670,Sex,CI_0005569
1702.0,,,time,year,2014,2013HEALTHH,Geographic_Hierarchy,E38000198,CL_0000671,Age,CI_0004663,CL_0000670,Sex,CI_0005430
2022.0,,,time,year,2014,2013HEALTHH,Geographic_Hierarchy,E38000198,CL_0000671,Age,CI_0004663,CL_0000670,Sex,CI_0005444
3538.0,,,time,year,2014,2013HEALTHH,Geographic_Hierarchy,E38000198,CL_0000671,Age,CI_0000098,CL_0000670,Sex,CI_0005569
1575.0,,,time,year,2014,2013HEALTHH,Geographic_Hierarchy,E38000198,CL_0000671,Age,CI_0000098,CL_0000670,Sex,CI_0005430
1963.0,,,time,year,2014,2013HEALTHH,Geographic_Hierarchy,E38000198,CL_0000671,Age,CI_0000098,CL_0000670,Sex,CI_0005444
3378.0,,,time,year,2014,2013HEALTHH,Geographic_Hierarchy,E38000198,CL_0000671,Age,CI_0000096,CL_0000670,Sex,CI_0005569
1498.0,,,time,year,2014,2013HEALTHH,Geographic_Hierarchy,E38000198,CL_0000671,Age,CI_0000096,CL_0000670,Sex,CI_0005430
1880.0,,,time,year,2014,2013HEALTHH,Geographic_Hierarchy,E38000198,CL_0000671,Age,CI_0000096,CL_0000670,Sex,CI_0005444
3360.0,,,time,year,2014,2013HEALTHH,Geographic_Hierarchy,E38000198,CL_0000671,Age,CI_0005555,CL_0000670,Sex,CI_0005569
1422.0,,,time,year,2014,2013HEALTHH,Geographic_Hierarchy,E38000198,CL_0000671,Age,CI_0005555,CL_0000670,Sex,CI_0005430
1938.0,,,time,year,2014,2013HEALTHH,Geographic_Hierarchy,E38000198,CL_0000671,Age,CI_0005555,CL_0000670,Sex,CI_0005444
3000.0,,,time,year,2014,2013HEALTHH,Geographic_Hierarchy,E38000198,CL_0000671,Age,CI_0004664,CL_0000670,Sex,CI_0005569
1226.0,,,time,year,2014,2013HEALTHH,Geographic_Hierarchy,E38000198,CL_0000671,Age,CI_0004664,CL_0000670,Sex,CI_0005430
1774.0,,,time,year,2014,2013HEALTHH,Geographic_Hierarchy,E38000198,CL_0000671,Age,CI_0004664,CL_0000670,Sex,CI_0005444
2772.0,,,time,year,2014,2013HEALTHH,Geographic_Hierarchy,E38000198,CL_0000671,Age,CI_0004666,CL_0000670,Sex,CI_0005569
1159.0,,,time,year,2014,2013HEALTHH,Geographic_Hierarchy,E38000198,CL_0000671,Age,CI_0004666,CL_0000670,Sex,CI_0005430
1613.0,,,time,year,2014,2013HEALTHH,Geographic_Hierarchy,E38000198,CL_0000671,Age,CI_0004666,CL_0000670,Sex,CI_0005444
2437.0,,,time,year,2014,2013HEALTHH,Geographic_Hierarchy,E38000198,CL_0000671,Age,CI_0004667,CL_0000670,Sex,CI_0005569
944.0,,,time,year,2014,2013HEALTHH,Geographic_Hierarchy,E38000198,CL_0000671,Age,CI_0004667,CL_0000670,Sex,CI_0005430
1493.0,,,time,year,2014,2013HEALTHH,Geographic_Hierarchy,E38000198,CL_0000671,Age,CI_0004667,CL_0000670,Sex,CI_0005444
2269.0,,,time,year,2014,2013HEALTHH,Geographic_Hierarchy,E38000198,CL_0000671,Age,CI_0004668,CL_0000670,Sex,CI_0005569
880.0,,,time,year,2014,2013HEALTHH,Geographic_Hierarchy,E38000198,CL_0000671,Age,CI_0004668,CL_0000670,Sex,CI_0005430
1389.0,,,time,year,2014,2013HEALTHH,Geographic_Hierarchy,E38000198,CL_0000671,Age,CI_0004668,CL_0000670,Sex,CI_0005444
1919.0,,,time,year,2014,2013HEALTHH,Geographic_Hierarchy,E38000198,CL_0000671,Age,CI_0004669,CL_0000670,Sex,CI_0005569
696.0,,,time,year,2014,2013HEALTHH,Geographic_Hierarchy,E38000198,CL_0000671,Age,CI_0004669,CL_0000670,Sex,CI_0005430
1223.0,,,time,year,2014,2013HEALTHH,Geographic_Hierarchy,E38000198,CL_0000671,Age,CI_0004669,CL_0000670,Sex,CI_0005444
1711.0,,,time,year,2014,2013HEALTHH,Geographic_Hierarchy,E38000198,CL_0000671,Age,CI_0005556,CL_0000670,Sex,CI_0005569
598.0,,,time,year,2014,2013HEALTHH,Geographic_Hierarchy,E38000198,CL_0000671,Age,CI_0005556,CL_0000670,Sex,CI_0005430
1113.0,,,time,year,2014,2013HEALTHH,Geographic_Hierarchy,E38000198,CL_0000671,Age,CI_0005556,CL_0000670,Sex,CI_0005444
6868.0,,,time,year,2014,2013HEALTHH,Geographic_Hierarchy,E38000198,CL_0000671,Age,CI_0007363,CL_0000670,Sex,CI_0005569
2001.0,,,time,year,2014,2013HEALTHH,Geographic_Hierarchy,E38000198,CL_0000671,Age,CI_0007363,CL_0000670,Sex,CI_0005430
4867.0,,,time,year,2014,2013HEALTHH,Geographic_Hierarchy,E38000198,CL_0000671,Age,CI_0007363,CL_0000670,Sex,CI_0005444
