Observation,Data_Marking,Observation_Type_Value,Dimension_Hierarchy_1,Dimension_Name_1,Dimension_Value_1,Dimension_Hierarchy_2,Dimension_Name_2,Dimension_Value_2,Dimension_Hierarchy_3,Dimension_Name_3,Dimension_Value_3,Dimension_Hierarchy_4,Dimension_Name_4,Dimension_Value_4,Dimension_Hierarchy_5,Dimension_Name_5,Dimension_Value_5
18590.0,,,time,Year,2015,2011STATH,Geography,N92000002,CL_0000779,Entity type,CI_0007554,CL_0000778,Geographic area,CI_0005563,CL_0000782,Turnover size band,CI_0007320
12235.0,,,time,Year,2015,2011STATH,Geography,N92000002,CL_0000779,Entity type,CI_0007554,CL_0000778,Geographic area,CI_0005563,CL_0000782,Turnover size band,CI_0007322
16950.0,,,time,Year,2015,2011STATH,Geography,N92000002,CL_0000779,Entity type,CI_0007554,CL_0000778,Geographic area,CI_0005563,CL_0000782,Turnover size band,CI_0007323
7970.0,,,time,Year,2015,2011STATH,Geography,N92000002,CL_0000779,Entity type,CI_0007554,CL_0000778,Geographic area,CI_0005563,CL_0000782,Turnover size band,CI_0007324
5125.0,,,time,Year,2015,2011STATH,Geography,N92000002,CL_0000779,Entity type,CI_0007554,CL_0000778,Geographic area,CI_0005563,CL_0000782,Turnover size band,CI_0007325
2815.0,,,time,Year,2015,2011STATH,Geography,N92000002,CL_0000779,Entity type,CI_0007554,CL_0000778,Geographic area,CI_0005563,CL_0000782,Turnover size band,CI_0012767
1945.0,,,time,Year,2015,2011STATH,Geography,N92000002,CL_0000779,Entity type,CI_0007554,CL_0000778,Geographic area,CI_0005563,CL_0000782,Turnover size band,CI_0012768
720.0,,,time,Year,2015,2011STATH,Geography,N92000002,CL_0000779,Entity type,CI_0007554,CL_0000778,Geographic area,CI_0005563,CL_0000782,Turnover size band,CI_0012769
560.0,,,time,Year,2015,2011STATH,Geography,N92000002,CL_0000779,Entity type,CI_0007554,CL_0000778,Geographic area,CI_0005563,CL_0000782,Turnover size band,CI_0012770
135.0,,,time,Year,2015,2011STATH,Geography,N92000002,CL_0000779,Entity type,CI_0007554,CL_0000778,Geographic area,CI_0005563,CL_0000782,Turnover size band,CI_0012771
67045.0,,,time,Year,2015,2011STATH,Geography,N92000002,CL_0000779,Entity type,CI_0007554,CL_0000778,Geographic area,CI_0005563,CL_0000782,Turnover size band,CI_0005220
490.0,,,time,Year,2015,2011STATH,Geography,N92000002,CL_0000779,Entity type,CI_0007554,CL_0000778,Geographic area,CI_0011446,CL_0000782,Turnover size band,CI_0007320
350.0,,,time,Year,2015,2011STATH,Geography,N92000002,CL_0000779,Entity type,CI_0007554,CL_0000778,Geographic area,CI_0011446,CL_0000782,Turnover size band,CI_0007322
480.0,,,time,Year,2015,2011STATH,Geography,N92000002,CL_0000779,Entity type,CI_0007554,CL_0000778,Geographic area,CI_0011446,CL_0000782,Turnover size band,CI_0007323
230.0,,,time,Year,2015,2011STATH,Geography,N92000002,CL_0000779,Entity type,CI_0007554,CL_0000778,Geographic area,CI_0011446,CL_0000782,Turnover size band,CI_0007324
165.0,,,time,Year,2015,2011STATH,Geography,N92000002,CL_0000779,Entity type,CI_0007554,CL_0000778,Geographic area,CI_0011446,CL_0000782,Turnover size band,CI_0007325
80.0,,,time,Year,2015,2011STATH,Geography,N92000002,CL_0000779,Entity type,CI_0007554,CL_0000778,Geographic area,CI_0011446,CL_0000782,Turnover size band,CI_0012767
55.0,,,time,Year,2015,2011STATH,Geography,N92000002,CL_0000779,Entity type,CI_0007554,CL_0000778,Geographic area,CI_0011446,CL_0000782,Turnover size band,CI_0012768
25.0,,,time,Year,2015,2011STATH,Geography,N92000002,CL_0000779,Entity type,CI_0007554,CL_0000778,Geographic area,CI_0011446,CL_0000782,Turnover size band,CI_0012769
20.0,,,time,Year,2015,2011STATH,Geography,N92000002,CL_0000779,Entity type,CI_0007554,CL_0000778,Geographic area,CI_0011446,CL_0000782,Turnover size band,CI_0012770
5.0,,,time,Year,2015,2011STATH,Geography,N92000002,CL_0000779,Entity type,CI_0007554,CL_0000778,Geographic area,CI_0011446,CL_0000782,Turnover size band,CI_0012771
1900.0,,,time,Year,2015,2011STATH,Geography,N92000002,CL_0000779,Entity type,CI_0007554,CL_0000778,Geographic area,CI_0011446,CL_0000782,Turnover size band,CI_0005220
540.0,,,time,Year,2015,2011STATH,Geography,N92000002,CL_0000779,Entity type,CI_0007554,CL_0000778,Geographic area,CI_0011448,CL_0000782,Turnover size band,CI_0007320
480.0,,,time,Year,2015,2011STATH,Geography,N92000002,CL_0000779,Entity type,CI_0007554,CL_0000778,Geographic area,CI_0011448,CL_0000782,Turnover size band,CI_0007322
705.0,,,time,Year,2015,2011STATH,Geography,N92000002,CL_0000779,Entity type,CI_0007554,CL_0000778,Geographic area,CI_0011448,CL_0000782,Turnover size band,CI_0007323
315.0,,,time,Year,2015,2011STATH,Geography,N92000002,CL_0000779,Entity type,CI_0007554,CL_0000778,Geographic area,CI_0011448,CL_0000782,Turnover size band,CI_0007324
175.0,,,time,Year,2015,2011STATH,Geography,N92000002,CL_0000779,Entity type,CI_0007554,CL_0000778,Geographic area,CI_0011448,CL_0000782,Turnover size band,CI_0007325
85.0,,,time,Year,2015,2011STATH,Geography,N92000002,CL_0000779,Entity type,CI_0007554,CL_0000778,Geographic area,CI_0011448,CL_0000782,Turnover size band,CI_0012767
65.0,,,time,Year,2015,2011STATH,Geography,N92000002,CL_0000779,Entity type,CI_0007554,CL_0000778,Geographic area,CI_0011448,CL_0000782,Turnover size band,CI_0012768
10.0,,,time,Year,2015,2011STATH,Geography,N92000002,CL_0000779,Entity type,CI_0007554,CL_0000778,Geographic area,CI_0011448,CL_0000782,Turnover size band,CI_0012769
10.0,,,time,Year,2015,2011STATH,Geography,N92000002,CL_0000779,Entity type,CI_0007554,CL_0000778,Geographic area,CI_0011448,CL_0000782,Turnover size band,CI_0012770
0.0,,,time,Year,2015,2011STATH,Geography,N92000002,CL_0000779,Entity type,CI_0007554,CL_0000778,Geographic area,CI_0011448,CL_0000782,Turnover size band,CI_0012771
2385.0,,,time,Year,2015,2011STATH,Geography,N92000002,CL_0000779,Entity type,CI_0007554,CL_0000778,Geographic area,CI_0011448,CL_0000782,Turnover size band,CI_0005220
1030.0,,,time,Year,2015,2011STATH,Geography,N92000002,CL_0000779,Entity type,CI_0007554,CL_0000778,Geographic area,CI_0011450,CL_0000782,Turnover size band,CI_0007320
555.0,,,time,Year,2015,2011STATH,Geography,N92000002,CL_0000779,Entity type,CI_0007554,CL_0000778,Geographic area,CI_0011450,CL_0000782,Turnover size band,CI_0007322
735.0,,,time,Year,2015,2011STATH,Geography,N92000002,CL_0000779,Entity type,CI_0007554,CL_0000778,Geographic area,CI_0011450,CL_0000782,Turnover size band,CI_0007323
330.0,,,time,Year,2015,2011STATH,Geography,N92000002,CL_0000779,Entity type,CI_0007554,CL_0000778,Geographic area,CI_0011450,CL_0000782,Turnover size band,CI_0007324
230.0,,,time,Year,2015,2011STATH,Geography,N92000002,CL_0000779,Entity type,CI_0007554,CL_0000778,Geographic area,CI_0011450,CL_0000782,Turnover size band,CI_0007325
120.0,,,time,Year,2015,2011STATH,Geography,N92000002,CL_0000779,Entity type,CI_0007554,CL_0000778,Geographic area,CI_0011450,CL_0000782,Turnover size band,CI_0012767
90.0,,,time,Year,2015,2011STATH,Geography,N92000002,CL_0000779,Entity type,CI_0007554,CL_0000778,Geographic area,CI_0011450,CL_0000782,Turnover size band,CI_0012768
35.0,,,time,Year,2015,2011STATH,Geography,N92000002,CL_0000779,Entity type,CI_0007554,CL_0000778,Geographic area,CI_0011450,CL_0000782,Turnover size band,CI_0012769
25.0,,,time,Year,2015,2011STATH,Geography,N92000002,CL_0000779,Entity type,CI_0007554,CL_0000778,Geographic area,CI_0011450,CL_0000782,Turnover size band,CI_0012770
0.0,,,time,Year,2015,2011STATH,Geography,N92000002,CL_0000779,Entity type,CI_0007554,CL_0000778,Geographic area,CI_0011450,CL_0000782,Turnover size band,CI_0012771
3150.0,,,time,Year,2015,2011STATH,Geography,N92000002,CL_0000779,Entity type,CI_0007554,CL_0000778,Geographic area,CI_0011450,CL_0000782,Turnover size band,CI_0005220
775.0,,,time,Year,2015,2011STATH,Geography,N92000002,CL_0000779,Entity type,CI_0007554,CL_0000778,Geographic area,CI_0011452,CL_0000782,Turnover size band,CI_0007320
500.0,,,time,Year,2015,2011STATH,Geography,N92000002,CL_0000779,Entity type,CI_0007554,CL_0000778,Geographic area,CI_0011452,CL_0000782,Turnover size band,CI_0007322
645.0,,,time,Year,2015,2011STATH,Geography,N92000002,CL_0000779,Entity type,CI_0007554,CL_0000778,Geographic area,CI_0011452,CL_0000782,Turnover size band,CI_0007323
340.0,,,time,Year,2015,2011STATH,Geography,N92000002,CL_0000779,Entity type,CI_0007554,CL_0000778,Geographic area,CI_0011452,CL_0000782,Turnover size band,CI_0007324
170.0,,,time,Year,2015,2011STATH,Geography,N92000002,CL_0000779,Entity type,CI_0007554,CL_0000778,Geographic area,CI_0011452,CL_0000782,Turnover size band,CI_0007325
95.0,,,time,Year,2015,2011STATH,Geography,N92000002,CL_0000779,Entity type,CI_0007554,CL_0000778,Geographic area,CI_0011452,CL_0000782,Turnover size band,CI_0012767
55.0,,,time,Year,2015,2011STATH,Geography,N92000002,CL_0000779,Entity type,CI_0007554,CL_0000778,Geographic area,CI_0011452,CL_0000782,Turnover size band,CI_0012768
30.0,,,time,Year,2015,2011STATH,Geography,N92000002,CL_0000779,Entity type,CI_0007554,CL_0000778,Geographic area,CI_0011452,CL_0000782,Turnover size band,CI_0012769
15.0,,,time,Year,2015,2011STATH,Geography,N92000002,CL_0000779,Entity type,CI_0007554,CL_0000778,Geographic area,CI_0011452,CL_0000782,Turnover size band,CI_0012770
5.0,,,time,Year,2015,2011STATH,Geography,N92000002,CL_0000779,Entity type,CI_0007554,CL_0000778,Geographic area,CI_0011452,CL_0000782,Turnover size band,CI_0012771
2630.0,,,time,Year,2015,2011STATH,Geography,N92000002,CL_0000779,Entity type,CI_0007554,CL_0000778,Geographic area,CI_0011452,CL_0000782,Turnover size band,CI_0005220
375.0,,,time,Year,2015,2011STATH,Geography,N92000002,CL_0000779,Entity type,CI_0007554,CL_0000778,Geographic area,CI_0011454,CL_0000782,Turnover size band,CI_0007320
275.0,,,time,Year,2015,2011STATH,Geography,N92000002,CL_0000779,Entity type,CI_0007554,CL_0000778,Geographic area,CI_0011454,CL_0000782,Turnover size band,CI_0007322
355.0,,,time,Year,2015,2011STATH,Geography,N92000002,CL_0000779,Entity type,CI_0007554,CL_0000778,Geographic area,CI_0011454,CL_0000782,Turnover size band,CI_0007323
170.0,,,time,Year,2015,2011STATH,Geography,N92000002,CL_0000779,Entity type,CI_0007554,CL_0000778,Geographic area,CI_0011454,CL_0000782,Turnover size band,CI_0007324
90.0,,,time,Year,2015,2011STATH,Geography,N92000002,CL_0000779,Entity type,CI_0007554,CL_0000778,Geographic area,CI_0011454,CL_0000782,Turnover size band,CI_0007325
45.0,,,time,Year,2015,2011STATH,Geography,N92000002,CL_0000779,Entity type,CI_0007554,CL_0000778,Geographic area,CI_0011454,CL_0000782,Turnover size band,CI_0012767
35.0,,,time,Year,2015,2011STATH,Geography,N92000002,CL_0000779,Entity type,CI_0007554,CL_0000778,Geographic area,CI_0011454,CL_0000782,Turnover size band,CI_0012768
15.0,,,time,Year,2015,2011STATH,Geography,N92000002,CL_0000779,Entity type,CI_0007554,CL_0000778,Geographic area,CI_0011454,CL_0000782,Turnover size band,CI_0012769
10.0,,,time,Year,2015,2011STATH,Geography,N92000002,CL_0000779,Entity type,CI_0007554,CL_0000778,Geographic area,CI_0011454,CL_0000782,Turnover size band,CI_0012770
0.0,,,time,Year,2015,2011STATH,Geography,N92000002,CL_0000779,Entity type,CI_0007554,CL_0000778,Geographic area,CI_0011454,CL_0000782,Turnover size band,CI_0012771
1370.0,,,time,Year,2015,2011STATH,Geography,N92000002,CL_0000779,Entity type,CI_0007554,CL_0000778,Geographic area,CI_0011454,CL_0000782,Turnover size band,CI_0005220
730.0,,,time,Year,2015,2011STATH,Geography,N92000002,CL_0000779,Entity type,CI_0007554,CL_0000778,Geographic area,CI_0011456,CL_0000782,Turnover size band,CI_0007320
375.0,,,time,Year,2015,2011STATH,Geography,N92000002,CL_0000779,Entity type,CI_0007554,CL_0000778,Geographic area,CI_0011456,CL_0000782,Turnover size band,CI_0007322
525.0,,,time,Year,2015,2011STATH,Geography,N92000002,CL_0000779,Entity type,CI_0007554,CL_0000778,Geographic area,CI_0011456,CL_0000782,Turnover size band,CI_0007323
255.0,,,time,Year,2015,2011STATH,Geography,N92000002,CL_0000779,Entity type,CI_0007554,CL_0000778,Geographic area,CI_0011456,CL_0000782,Turnover size band,CI_0007324
150.0,,,time,Year,2015,2011STATH,Geography,N92000002,CL_0000779,Entity type,CI_0007554,CL_0000778,Geographic area,CI_0011456,CL_0000782,Turnover size band,CI_0007325
80.0,,,time,Year,2015,2011STATH,Geography,N92000002,CL_0000779,Entity type,CI_0007554,CL_0000778,Geographic area,CI_0011456,CL_0000782,Turnover size band,CI_0012767
35.0,,,time,Year,2015,2011STATH,Geography,N92000002,CL_0000779,Entity type,CI_0007554,CL_0000778,Geographic area,CI_0011456,CL_0000782,Turnover size band,CI_0012768
15.0,,,time,Year,2015,2011STATH,Geography,N92000002,CL_0000779,Entity type,CI_0007554,CL_0000778,Geographic area,CI_0011456,CL_0000782,Turnover size band,CI_0012769
10.0,,,time,Year,2015,2011STATH,Geography,N92000002,CL_0000779,Entity type,CI_0007554,CL_0000778,Geographic area,CI_0011456,CL_0000782,Turnover size band,CI_0012770
0.0,,,time,Year,2015,2011STATH,Geography,N92000002,CL_0000779,Entity type,CI_0007554,CL_0000778,Geographic area,CI_0011456,CL_0000782,Turnover size band,CI_0012771
2175.0,,,time,Year,2015,2011STATH,Geography,N92000002,CL_0000779,Entity type,CI_0007554,CL_0000778,Geographic area,CI_0011456,CL_0000782,Turnover size band,CI_0005220
1050.0,,,time,Year,2015,2011STATH,Geography,N92000002,CL_0000779,Entity type,CI_0007554,CL_0000778,Geographic area,CI_0011458,CL_0000782,Turnover size band,CI_0007320
1470.0,,,time,Year,2015,2011STATH,Geography,N92000002,CL_0000779,Entity type,CI_0007554,CL_0000778,Geographic area,CI_0011458,CL_0000782,Turnover size band,CI_0007322
2495.0,,,time,Year,2015,2011STATH,Geography,N92000002,CL_0000779,Entity type,CI_0007554,CL_0000778,Geographic area,CI_0011458,CL_0000782,Turnover size band,CI_0007323
1270.0,,,time,Year,2015,2011STATH,Geography,N92000002,CL_0000779,Entity type,CI_0007554,CL_0000778,Geographic area,CI_0011458,CL_0000782,Turnover size band,CI_0007324
870.0,,,time,Year,2015,2011STATH,Geography,N92000002,CL_0000779,Entity type,CI_0007554,CL_0000778,Geographic area,CI_0011458,CL_0000782,Turnover size band,CI_0007325
540.0,,,time,Year,2015,2011STATH,Geography,N92000002,CL_0000779,Entity type,CI_0007554,CL_0000778,Geographic area,CI_0011458,CL_0000782,Turnover size band,CI_0012767
440.0,,,time,Year,2015,2011STATH,Geography,N92000002,CL_0000779,Entity type,CI_0007554,CL_0000778,Geographic area,CI_0011458,CL_0000782,Turnover size band,CI_0012768
145.0,,,time,Year,2015,2011STATH,Geography,N92000002,CL_0000779,Entity type,CI_0007554,CL_0000778,Geographic area,CI_0011458,CL_0000782,Turnover size band,CI_0012769
145.0,,,time,Year,2015,2011STATH,Geography,N92000002,CL_0000779,Entity type,CI_0007554,CL_0000778,Geographic area,CI_0011458,CL_0000782,Turnover size band,CI_0012770
50.0,,,time,Year,2015,2011STATH,Geography,N92000002,CL_0000779,Entity type,CI_0007554,CL_0000778,Geographic area,CI_0011458,CL_0000782,Turnover size band,CI_0012771
8475.0,,,time,Year,2015,2011STATH,Geography,N92000002,CL_0000779,Entity type,CI_0007554,CL_0000778,Geographic area,CI_0011458,CL_0000782,Turnover size band,CI_0005220
150.0,,,time,Year,2015,2011STATH,Geography,N92000002,CL_0000779,Entity type,CI_0007554,CL_0000778,Geographic area,CI_0011460,CL_0000782,Turnover size band,CI_0007320
165.0,,,time,Year,2015,2011STATH,Geography,N92000002,CL_0000779,Entity type,CI_0007554,CL_0000778,Geographic area,CI_0011460,CL_0000782,Turnover size band,CI_0007322
255.0,,,time,Year,2015,2011STATH,Geography,N92000002,CL_0000779,Entity type,CI_0007554,CL_0000778,Geographic area,CI_0011460,CL_0000782,Turnover size band,CI_0007323
85.0,,,time,Year,2015,2011STATH,Geography,N92000002,CL_0000779,Entity type,CI_0007554,CL_0000778,Geographic area,CI_0011460,CL_0000782,Turnover size band,CI_0007324
50.0,,,time,Year,2015,2011STATH,Geography,N92000002,CL_0000779,Entity type,CI_0007554,CL_0000778,Geographic area,CI_0011460,CL_0000782,Turnover size band,CI_0007325
40.0,,,time,Year,2015,2011STATH,Geography,N92000002,CL_0000779,Entity type,CI_0007554,CL_0000778,Geographic area,CI_0011460,CL_0000782,Turnover size band,CI_0012767
15.0,,,time,Year,2015,2011STATH,Geography,N92000002,CL_0000779,Entity type,CI_0007554,CL_0000778,Geographic area,CI_0011460,CL_0000782,Turnover size band,CI_0012768
5.0,,,time,Year,2015,2011STATH,Geography,N92000002,CL_0000779,Entity type,CI_0007554,CL_0000778,Geographic area,CI_0011460,CL_0000782,Turnover size band,CI_0012769
5.0,,,time,Year,2015,2011STATH,Geography,N92000002,CL_0000779,Entity type,CI_0007554,CL_0000778,Geographic area,CI_0011460,CL_0000782,Turnover size band,CI_0012770
5.0,,,time,Year,2015,2011STATH,Geography,N92000002,CL_0000779,Entity type,CI_0007554,CL_0000778,Geographic area,CI_0011460,CL_0000782,Turnover size band,CI_0012771
775.0,,,time,Year,2015,2011STATH,Geography,N92000002,CL_0000779,Entity type,CI_0007554,CL_0000778,Geographic area,CI_0011460,CL_0000782,Turnover size band,CI_0005220
225.0,,,time,Year,2015,2011STATH,Geography,N92000002,CL_0000779,Entity type,CI_0007554,CL_0000778,Geographic area,CI_0011462,CL_0000782,Turnover size band,CI_0007320
290.0,,,time,Year,2015,2011STATH,Geography,N92000002,CL_0000779,Entity type,CI_0007554,CL_0000778,Geographic area,CI_0011462,CL_0000782,Turnover size band,CI_0007322
370.0,,,time,Year,2015,2011STATH,Geography,N92000002,CL_0000779,Entity type,CI_0007554,CL_0000778,Geographic area,CI_0011462,CL_0000782,Turnover size band,CI_0007323
180.0,,,time,Year,2015,2011STATH,Geography,N92000002,CL_0000779,Entity type,CI_0007554,CL_0000778,Geographic area,CI_0011462,CL_0000782,Turnover size band,CI_0007324
125.0,,,time,Year,2015,2011STATH,Geography,N92000002,CL_0000779,Entity type,CI_0007554,CL_0000778,Geographic area,CI_0011462,CL_0000782,Turnover size band,CI_0007325
80.0,,,time,Year,2015,2011STATH,Geography,N92000002,CL_0000779,Entity type,CI_0007554,CL_0000778,Geographic area,CI_0011462,CL_0000782,Turnover size band,CI_0012767
60.0,,,time,Year,2015,2011STATH,Geography,N92000002,CL_0000779,Entity type,CI_0007554,CL_0000778,Geographic area,CI_0011462,CL_0000782,Turnover size band,CI_0012768
25.0,,,time,Year,2015,2011STATH,Geography,N92000002,CL_0000779,Entity type,CI_0007554,CL_0000778,Geographic area,CI_0011462,CL_0000782,Turnover size band,CI_0012769
15.0,,,time,Year,2015,2011STATH,Geography,N92000002,CL_0000779,Entity type,CI_0007554,CL_0000778,Geographic area,CI_0011462,CL_0000782,Turnover size band,CI_0012770
5.0,,,time,Year,2015,2011STATH,Geography,N92000002,CL_0000779,Entity type,CI_0007554,CL_0000778,Geographic area,CI_0011462,CL_0000782,Turnover size band,CI_0012771
1375.0,,,time,Year,2015,2011STATH,Geography,N92000002,CL_0000779,Entity type,CI_0007554,CL_0000778,Geographic area,CI_0011462,CL_0000782,Turnover size band,CI_0005220
530.0,,,time,Year,2015,2011STATH,Geography,N92000002,CL_0000779,Entity type,CI_0007554,CL_0000778,Geographic area,CI_0011464,CL_0000782,Turnover size band,CI_0007320
360.0,,,time,Year,2015,2011STATH,Geography,N92000002,CL_0000779,Entity type,CI_0007554,CL_0000778,Geographic area,CI_0011464,CL_0000782,Turnover size band,CI_0007322
530.0,,,time,Year,2015,2011STATH,Geography,N92000002,CL_0000779,Entity type,CI_0007554,CL_0000778,Geographic area,CI_0011464,CL_0000782,Turnover size band,CI_0007323
265.0,,,time,Year,2015,2011STATH,Geography,N92000002,CL_0000779,Entity type,CI_0007554,CL_0000778,Geographic area,CI_0011464,CL_0000782,Turnover size band,CI_0007324
170.0,,,time,Year,2015,2011STATH,Geography,N92000002,CL_0000779,Entity type,CI_0007554,CL_0000778,Geographic area,CI_0011464,CL_0000782,Turnover size band,CI_0007325
75.0,,,time,Year,2015,2011STATH,Geography,N92000002,CL_0000779,Entity type,CI_0007554,CL_0000778,Geographic area,CI_0011464,CL_0000782,Turnover size band,CI_0012767
60.0,,,time,Year,2015,2011STATH,Geography,N92000002,CL_0000779,Entity type,CI_0007554,CL_0000778,Geographic area,CI_0011464,CL_0000782,Turnover size band,CI_0012768
25.0,,,time,Year,2015,2011STATH,Geography,N92000002,CL_0000779,Entity type,CI_0007554,CL_0000778,Geographic area,CI_0011464,CL_0000782,Turnover size band,CI_0012769
15.0,,,time,Year,2015,2011STATH,Geography,N92000002,CL_0000779,Entity type,CI_0007554,CL_0000778,Geographic area,CI_0011464,CL_0000782,Turnover size band,CI_0012770
5.0,,,time,Year,2015,2011STATH,Geography,N92000002,CL_0000779,Entity type,CI_0007554,CL_0000778,Geographic area,CI_0011464,CL_0000782,Turnover size band,CI_0012771
2035.0,,,time,Year,2015,2011STATH,Geography,N92000002,CL_0000779,Entity type,CI_0007554,CL_0000778,Geographic area,CI_0011464,CL_0000782,Turnover size band,CI_0005220
765.0,,,time,Year,2015,2011STATH,Geography,N92000002,CL_0000779,Entity type,CI_0007554,CL_0000778,Geographic area,CI_0011466,CL_0000782,Turnover size band,CI_0007320
390.0,,,time,Year,2015,2011STATH,Geography,N92000002,CL_0000779,Entity type,CI_0007554,CL_0000778,Geographic area,CI_0011466,CL_0000782,Turnover size band,CI_0007322
485.0,,,time,Year,2015,2011STATH,Geography,N92000002,CL_0000779,Entity type,CI_0007554,CL_0000778,Geographic area,CI_0011466,CL_0000782,Turnover size band,CI_0007323
230.0,,,time,Year,2015,2011STATH,Geography,N92000002,CL_0000779,Entity type,CI_0007554,CL_0000778,Geographic area,CI_0011466,CL_0000782,Turnover size band,CI_0007324
160.0,,,time,Year,2015,2011STATH,Geography,N92000002,CL_0000779,Entity type,CI_0007554,CL_0000778,Geographic area,CI_0011466,CL_0000782,Turnover size band,CI_0007325
110.0,,,time,Year,2015,2011STATH,Geography,N92000002,CL_0000779,Entity type,CI_0007554,CL_0000778,Geographic area,CI_0011466,CL_0000782,Turnover size band,CI_0012767
60.0,,,time,Year,2015,2011STATH,Geography,N92000002,CL_0000779,Entity type,CI_0007554,CL_0000778,Geographic area,CI_0011466,CL_0000782,Turnover size band,CI_0012768
15.0,,,time,Year,2015,2011STATH,Geography,N92000002,CL_0000779,Entity type,CI_0007554,CL_0000778,Geographic area,CI_0011466,CL_0000782,Turnover size band,CI_0012769
15.0,,,time,Year,2015,2011STATH,Geography,N92000002,CL_0000779,Entity type,CI_0007554,CL_0000778,Geographic area,CI_0011466,CL_0000782,Turnover size band,CI_0012770
0.0,,,time,Year,2015,2011STATH,Geography,N92000002,CL_0000779,Entity type,CI_0007554,CL_0000778,Geographic area,CI_0011466,CL_0000782,Turnover size band,CI_0012771
2230.0,,,time,Year,2015,2011STATH,Geography,N92000002,CL_0000779,Entity type,CI_0007554,CL_0000778,Geographic area,CI_0011466,CL_0000782,Turnover size band,CI_0005220
580.0,,,time,Year,2015,2011STATH,Geography,N92000002,CL_0000779,Entity type,CI_0007554,CL_0000778,Geographic area,CI_0011468,CL_0000782,Turnover size band,CI_0007320
490.0,,,time,Year,2015,2011STATH,Geography,N92000002,CL_0000779,Entity type,CI_0007554,CL_0000778,Geographic area,CI_0011468,CL_0000782,Turnover size band,CI_0007322
710.0,,,time,Year,2015,2011STATH,Geography,N92000002,CL_0000779,Entity type,CI_0007554,CL_0000778,Geographic area,CI_0011468,CL_0000782,Turnover size band,CI_0007323
355.0,,,time,Year,2015,2011STATH,Geography,N92000002,CL_0000779,Entity type,CI_0007554,CL_0000778,Geographic area,CI_0011468,CL_0000782,Turnover size band,CI_0007324
200.0,,,time,Year,2015,2011STATH,Geography,N92000002,CL_0000779,Entity type,CI_0007554,CL_0000778,Geographic area,CI_0011468,CL_0000782,Turnover size band,CI_0007325
125.0,,,time,Year,2015,2011STATH,Geography,N92000002,CL_0000779,Entity type,CI_0007554,CL_0000778,Geographic area,CI_0011468,CL_0000782,Turnover size band,CI_0012767
80.0,,,time,Year,2015,2011STATH,Geography,N92000002,CL_0000779,Entity type,CI_0007554,CL_0000778,Geographic area,CI_0011468,CL_0000782,Turnover size band,CI_0012768
35.0,,,time,Year,2015,2011STATH,Geography,N92000002,CL_0000779,Entity type,CI_0007554,CL_0000778,Geographic area,CI_0011468,CL_0000782,Turnover size band,CI_0012769
40.0,,,time,Year,2015,2011STATH,Geography,N92000002,CL_0000779,Entity type,CI_0007554,CL_0000778,Geographic area,CI_0011468,CL_0000782,Turnover size band,CI_0012770
10.0,,,time,Year,2015,2011STATH,Geography,N92000002,CL_0000779,Entity type,CI_0007554,CL_0000778,Geographic area,CI_0011468,CL_0000782,Turnover size band,CI_0012771
2625.0,,,time,Year,2015,2011STATH,Geography,N92000002,CL_0000779,Entity type,CI_0007554,CL_0000778,Geographic area,CI_0011468,CL_0000782,Turnover size band,CI_0005220
565.0,,,time,Year,2015,2011STATH,Geography,N92000002,CL_0000779,Entity type,CI_0007554,CL_0000778,Geographic area,CI_0011470,CL_0000782,Turnover size band,CI_0007320
465.0,,,time,Year,2015,2011STATH,Geography,N92000002,CL_0000779,Entity type,CI_0007554,CL_0000778,Geographic area,CI_0011470,CL_0000782,Turnover size band,CI_0007322
760.0,,,time,Year,2015,2011STATH,Geography,N92000002,CL_0000779,Entity type,CI_0007554,CL_0000778,Geographic area,CI_0011470,CL_0000782,Turnover size band,CI_0007323
340.0,,,time,Year,2015,2011STATH,Geography,N92000002,CL_0000779,Entity type,CI_0007554,CL_0000778,Geographic area,CI_0011470,CL_0000782,Turnover size band,CI_0007324
230.0,,,time,Year,2015,2011STATH,Geography,N92000002,CL_0000779,Entity type,CI_0007554,CL_0000778,Geographic area,CI_0011470,CL_0000782,Turnover size band,CI_0007325
145.0,,,time,Year,2015,2011STATH,Geography,N92000002,CL_0000779,Entity type,CI_0007554,CL_0000778,Geographic area,CI_0011470,CL_0000782,Turnover size band,CI_0012767
70.0,,,time,Year,2015,2011STATH,Geography,N92000002,CL_0000779,Entity type,CI_0007554,CL_0000778,Geographic area,CI_0011470,CL_0000782,Turnover size band,CI_0012768
45.0,,,time,Year,2015,2011STATH,Geography,N92000002,CL_0000779,Entity type,CI_0007554,CL_0000778,Geographic area,CI_0011470,CL_0000782,Turnover size band,CI_0012769
15.0,,,time,Year,2015,2011STATH,Geography,N92000002,CL_0000779,Entity type,CI_0007554,CL_0000778,Geographic area,CI_0011470,CL_0000782,Turnover size band,CI_0012770
5.0,,,time,Year,2015,2011STATH,Geography,N92000002,CL_0000779,Entity type,CI_0007554,CL_0000778,Geographic area,CI_0011470,CL_0000782,Turnover size band,CI_0012771
2640.0,,,time,Year,2015,2011STATH,Geography,N92000002,CL_0000779,Entity type,CI_0007554,CL_0000778,Geographic area,CI_0011470,CL_0000782,Turnover size band,CI_0005220
780.0,,,time,Year,2015,2011STATH,Geography,N92000002,CL_0000779,Entity type,CI_0007554,CL_0000778,Geographic area,CI_0011472,CL_0000782,Turnover size band,CI_0007320
580.0,,,time,Year,2015,2011STATH,Geography,N92000002,CL_0000779,Entity type,CI_0007554,CL_0000778,Geographic area,CI_0011472,CL_0000782,Turnover size band,CI_0007322
690.0,,,time,Year,2015,2011STATH,Geography,N92000002,CL_0000779,Entity type,CI_0007554,CL_0000778,Geographic area,CI_0011472,CL_0000782,Turnover size band,CI_0007323
315.0,,,time,Year,2015,2011STATH,Geography,N92000002,CL_0000779,Entity type,CI_0007554,CL_0000778,Geographic area,CI_0011472,CL_0000782,Turnover size band,CI_0007324
190.0,,,time,Year,2015,2011STATH,Geography,N92000002,CL_0000779,Entity type,CI_0007554,CL_0000778,Geographic area,CI_0011472,CL_0000782,Turnover size band,CI_0007325
95.0,,,time,Year,2015,2011STATH,Geography,N92000002,CL_0000779,Entity type,CI_0007554,CL_0000778,Geographic area,CI_0011472,CL_0000782,Turnover size band,CI_0012767
60.0,,,time,Year,2015,2011STATH,Geography,N92000002,CL_0000779,Entity type,CI_0007554,CL_0000778,Geographic area,CI_0011472,CL_0000782,Turnover size band,CI_0012768
20.0,,,time,Year,2015,2011STATH,Geography,N92000002,CL_0000779,Entity type,CI_0007554,CL_0000778,Geographic area,CI_0011472,CL_0000782,Turnover size band,CI_0012769
5.0,,,time,Year,2015,2011STATH,Geography,N92000002,CL_0000779,Entity type,CI_0007554,CL_0000778,Geographic area,CI_0011472,CL_0000782,Turnover size band,CI_0012770
0.0,,,time,Year,2015,2011STATH,Geography,N92000002,CL_0000779,Entity type,CI_0007554,CL_0000778,Geographic area,CI_0011472,CL_0000782,Turnover size band,CI_0012771
2735.0,,,time,Year,2015,2011STATH,Geography,N92000002,CL_0000779,Entity type,CI_0007554,CL_0000778,Geographic area,CI_0011472,CL_0000782,Turnover size band,CI_0005220
1105.0,,,time,Year,2015,2011STATH,Geography,N92000002,CL_0000779,Entity type,CI_0007554,CL_0000778,Geographic area,CI_0011474,CL_0000782,Turnover size band,CI_0007320
570.0,,,time,Year,2015,2011STATH,Geography,N92000002,CL_0000779,Entity type,CI_0007554,CL_0000778,Geographic area,CI_0011474,CL_0000782,Turnover size band,CI_0007322
760.0,,,time,Year,2015,2011STATH,Geography,N92000002,CL_0000779,Entity type,CI_0007554,CL_0000778,Geographic area,CI_0011474,CL_0000782,Turnover size band,CI_0007323
365.0,,,time,Year,2015,2011STATH,Geography,N92000002,CL_0000779,Entity type,CI_0007554,CL_0000778,Geographic area,CI_0011474,CL_0000782,Turnover size band,CI_0007324
255.0,,,time,Year,2015,2011STATH,Geography,N92000002,CL_0000779,Entity type,CI_0007554,CL_0000778,Geographic area,CI_0011474,CL_0000782,Turnover size band,CI_0007325
135.0,,,time,Year,2015,2011STATH,Geography,N92000002,CL_0000779,Entity type,CI_0007554,CL_0000778,Geographic area,CI_0011474,CL_0000782,Turnover size band,CI_0012767
80.0,,,time,Year,2015,2011STATH,Geography,N92000002,CL_0000779,Entity type,CI_0007554,CL_0000778,Geographic area,CI_0011474,CL_0000782,Turnover size band,CI_0012768
45.0,,,time,Year,2015,2011STATH,Geography,N92000002,CL_0000779,Entity type,CI_0007554,CL_0000778,Geographic area,CI_0011474,CL_0000782,Turnover size band,CI_0012769
35.0,,,time,Year,2015,2011STATH,Geography,N92000002,CL_0000779,Entity type,CI_0007554,CL_0000778,Geographic area,CI_0011474,CL_0000782,Turnover size band,CI_0012770
10.0,,,time,Year,2015,2011STATH,Geography,N92000002,CL_0000779,Entity type,CI_0007554,CL_0000778,Geographic area,CI_0011474,CL_0000782,Turnover size band,CI_0012771
3360.0,,,time,Year,2015,2011STATH,Geography,N92000002,CL_0000779,Entity type,CI_0007554,CL_0000778,Geographic area,CI_0011474,CL_0000782,Turnover size band,CI_0005220
1965.0,,,time,Year,2015,2011STATH,Geography,N92000002,CL_0000779,Entity type,CI_0007554,CL_0000778,Geographic area,CI_0011476,CL_0000782,Turnover size band,CI_0007320
690.0,,,time,Year,2015,2011STATH,Geography,N92000002,CL_0000779,Entity type,CI_0007554,CL_0000778,Geographic area,CI_0011476,CL_0000782,Turnover size band,CI_0007322
785.0,,,time,Year,2015,2011STATH,Geography,N92000002,CL_0000779,Entity type,CI_0007554,CL_0000778,Geographic area,CI_0011476,CL_0000782,Turnover size band,CI_0007323
320.0,,,time,Year,2015,2011STATH,Geography,N92000002,CL_0000779,Entity type,CI_0007554,CL_0000778,Geographic area,CI_0011476,CL_0000782,Turnover size band,CI_0007324
195.0,,,time,Year,2015,2011STATH,Geography,N92000002,CL_0000779,Entity type,CI_0007554,CL_0000778,Geographic area,CI_0011476,CL_0000782,Turnover size band,CI_0007325
100.0,,,time,Year,2015,2011STATH,Geography,N92000002,CL_0000779,Entity type,CI_0007554,CL_0000778,Geographic area,CI_0011476,CL_0000782,Turnover size band,CI_0012767
60.0,,,time,Year,2015,2011STATH,Geography,N92000002,CL_0000779,Entity type,CI_0007554,CL_0000778,Geographic area,CI_0011476,CL_0000782,Turnover size band,CI_0012768
25.0,,,time,Year,2015,2011STATH,Geography,N92000002,CL_0000779,Entity type,CI_0007554,CL_0000778,Geographic area,CI_0011476,CL_0000782,Turnover size band,CI_0012769
20.0,,,time,Year,2015,2011STATH,Geography,N92000002,CL_0000779,Entity type,CI_0007554,CL_0000778,Geographic area,CI_0011476,CL_0000782,Turnover size band,CI_0012770
5.0,,,time,Year,2015,2011STATH,Geography,N92000002,CL_0000779,Entity type,CI_0007554,CL_0000778,Geographic area,CI_0011476,CL_0000782,Turnover size band,CI_0012771
4165.0,,,time,Year,2015,2011STATH,Geography,N92000002,CL_0000779,Entity type,CI_0007554,CL_0000778,Geographic area,CI_0011476,CL_0000782,Turnover size band,CI_0005220
380.0,,,time,Year,2015,2011STATH,Geography,N92000002,CL_0000779,Entity type,CI_0007554,CL_0000778,Geographic area,CI_0011478,CL_0000782,Turnover size band,CI_0007320
235.0,,,time,Year,2015,2011STATH,Geography,N92000002,CL_0000779,Entity type,CI_0007554,CL_0000778,Geographic area,CI_0011478,CL_0000782,Turnover size band,CI_0007322
270.0,,,time,Year,2015,2011STATH,Geography,N92000002,CL_0000779,Entity type,CI_0007554,CL_0000778,Geographic area,CI_0011478,CL_0000782,Turnover size band,CI_0007323
110.0,,,time,Year,2015,2011STATH,Geography,N92000002,CL_0000779,Entity type,CI_0007554,CL_0000778,Geographic area,CI_0011478,CL_0000782,Turnover size band,CI_0007324
75.0,,,time,Year,2015,2011STATH,Geography,N92000002,CL_0000779,Entity type,CI_0007554,CL_0000778,Geographic area,CI_0011478,CL_0000782,Turnover size band,CI_0007325
25.0,,,time,Year,2015,2011STATH,Geography,N92000002,CL_0000779,Entity type,CI_0007554,CL_0000778,Geographic area,CI_0011478,CL_0000782,Turnover size band,CI_0012767
25.0,,,time,Year,2015,2011STATH,Geography,N92000002,CL_0000779,Entity type,CI_0007554,CL_0000778,Geographic area,CI_0011478,CL_0000782,Turnover size band,CI_0012768
5.0,,,time,Year,2015,2011STATH,Geography,N92000002,CL_0000779,Entity type,CI_0007554,CL_0000778,Geographic area,CI_0011478,CL_0000782,Turnover size band,CI_0012769
5.0,,,time,Year,2015,2011STATH,Geography,N92000002,CL_0000779,Entity type,CI_0007554,CL_0000778,Geographic area,CI_0011478,CL_0000782,Turnover size band,CI_0012770
0.0,,,time,Year,2015,2011STATH,Geography,N92000002,CL_0000779,Entity type,CI_0007554,CL_0000778,Geographic area,CI_0011478,CL_0000782,Turnover size band,CI_0012771
1130.0,,,time,Year,2015,2011STATH,Geography,N92000002,CL_0000779,Entity type,CI_0007554,CL_0000778,Geographic area,CI_0011478,CL_0000782,Turnover size band,CI_0005220
405.0,,,time,Year,2015,2011STATH,Geography,N92000002,CL_0000779,Entity type,CI_0007554,CL_0000778,Geographic area,CI_0011480,CL_0000782,Turnover size band,CI_0007320
250.0,,,time,Year,2015,2011STATH,Geography,N92000002,CL_0000779,Entity type,CI_0007554,CL_0000778,Geographic area,CI_0011480,CL_0000782,Turnover size band,CI_0007322
300.0,,,time,Year,2015,2011STATH,Geography,N92000002,CL_0000779,Entity type,CI_0007554,CL_0000778,Geographic area,CI_0011480,CL_0000782,Turnover size band,CI_0007323
135.0,,,time,Year,2015,2011STATH,Geography,N92000002,CL_0000779,Entity type,CI_0007554,CL_0000778,Geographic area,CI_0011480,CL_0000782,Turnover size band,CI_0007324
90.0,,,time,Year,2015,2011STATH,Geography,N92000002,CL_0000779,Entity type,CI_0007554,CL_0000778,Geographic area,CI_0011480,CL_0000782,Turnover size band,CI_0007325
35.0,,,time,Year,2015,2011STATH,Geography,N92000002,CL_0000779,Entity type,CI_0007554,CL_0000778,Geographic area,CI_0011480,CL_0000782,Turnover size band,CI_0012767
30.0,,,time,Year,2015,2011STATH,Geography,N92000002,CL_0000779,Entity type,CI_0007554,CL_0000778,Geographic area,CI_0011480,CL_0000782,Turnover size band,CI_0012768
5.0,,,time,Year,2015,2011STATH,Geography,N92000002,CL_0000779,Entity type,CI_0007554,CL_0000778,Geographic area,CI_0011480,CL_0000782,Turnover size band,CI_0012769
5.0,,,time,Year,2015,2011STATH,Geography,N92000002,CL_0000779,Entity type,CI_0007554,CL_0000778,Geographic area,CI_0011480,CL_0000782,Turnover size band,CI_0012770
0.0,,,time,Year,2015,2011STATH,Geography,N92000002,CL_0000779,Entity type,CI_0007554,CL_0000778,Geographic area,CI_0011480,CL_0000782,Turnover size band,CI_0012771
1255.0,,,time,Year,2015,2011STATH,Geography,N92000002,CL_0000779,Entity type,CI_0007554,CL_0000778,Geographic area,CI_0011480,CL_0000782,Turnover size band,CI_0005220
830.0,,,time,Year,2015,2011STATH,Geography,N92000002,CL_0000779,Entity type,CI_0007554,CL_0000778,Geographic area,CI_0011482,CL_0000782,Turnover size band,CI_0007320
700.0,,,time,Year,2015,2011STATH,Geography,N92000002,CL_0000779,Entity type,CI_0007554,CL_0000778,Geographic area,CI_0011482,CL_0000782,Turnover size band,CI_0007322
970.0,,,time,Year,2015,2011STATH,Geography,N92000002,CL_0000779,Entity type,CI_0007554,CL_0000778,Geographic area,CI_0011482,CL_0000782,Turnover size band,CI_0007323
450.0,,,time,Year,2015,2011STATH,Geography,N92000002,CL_0000779,Entity type,CI_0007554,CL_0000778,Geographic area,CI_0011482,CL_0000782,Turnover size band,CI_0007324
335.0,,,time,Year,2015,2011STATH,Geography,N92000002,CL_0000779,Entity type,CI_0007554,CL_0000778,Geographic area,CI_0011482,CL_0000782,Turnover size band,CI_0007325
175.0,,,time,Year,2015,2011STATH,Geography,N92000002,CL_0000779,Entity type,CI_0007554,CL_0000778,Geographic area,CI_0011482,CL_0000782,Turnover size band,CI_0012767
140.0,,,time,Year,2015,2011STATH,Geography,N92000002,CL_0000779,Entity type,CI_0007554,CL_0000778,Geographic area,CI_0011482,CL_0000782,Turnover size band,CI_0012768
45.0,,,time,Year,2015,2011STATH,Geography,N92000002,CL_0000779,Entity type,CI_0007554,CL_0000778,Geographic area,CI_0011482,CL_0000782,Turnover size band,CI_0012769
45.0,,,time,Year,2015,2011STATH,Geography,N92000002,CL_0000779,Entity type,CI_0007554,CL_0000778,Geographic area,CI_0011482,CL_0000782,Turnover size band,CI_0012770
5.0,,,time,Year,2015,2011STATH,Geography,N92000002,CL_0000779,Entity type,CI_0007554,CL_0000778,Geographic area,CI_0011482,CL_0000782,Turnover size band,CI_0012771
3695.0,,,time,Year,2015,2011STATH,Geography,N92000002,CL_0000779,Entity type,CI_0007554,CL_0000778,Geographic area,CI_0011482,CL_0000782,Turnover size band,CI_0005220
905.0,,,time,Year,2015,2011STATH,Geography,N92000002,CL_0000779,Entity type,CI_0007554,CL_0000778,Geographic area,CI_0011484,CL_0000782,Turnover size band,CI_0007320
430.0,,,time,Year,2015,2011STATH,Geography,N92000002,CL_0000779,Entity type,CI_0007554,CL_0000778,Geographic area,CI_0011484,CL_0000782,Turnover size band,CI_0007322
555.0,,,time,Year,2015,2011STATH,Geography,N92000002,CL_0000779,Entity type,CI_0007554,CL_0000778,Geographic area,CI_0011484,CL_0000782,Turnover size band,CI_0007323
250.0,,,time,Year,2015,2011STATH,Geography,N92000002,CL_0000779,Entity type,CI_0007554,CL_0000778,Geographic area,CI_0011484,CL_0000782,Turnover size band,CI_0007324
160.0,,,time,Year,2015,2011STATH,Geography,N92000002,CL_0000779,Entity type,CI_0007554,CL_0000778,Geographic area,CI_0011484,CL_0000782,Turnover size band,CI_0007325
95.0,,,time,Year,2015,2011STATH,Geography,N92000002,CL_0000779,Entity type,CI_0007554,CL_0000778,Geographic area,CI_0011484,CL_0000782,Turnover size band,CI_0012767
55.0,,,time,Year,2015,2011STATH,Geography,N92000002,CL_0000779,Entity type,CI_0007554,CL_0000778,Geographic area,CI_0011484,CL_0000782,Turnover size band,CI_0012768
20.0,,,time,Year,2015,2011STATH,Geography,N92000002,CL_0000779,Entity type,CI_0007554,CL_0000778,Geographic area,CI_0011484,CL_0000782,Turnover size band,CI_0012769
15.0,,,time,Year,2015,2011STATH,Geography,N92000002,CL_0000779,Entity type,CI_0007554,CL_0000778,Geographic area,CI_0011484,CL_0000782,Turnover size band,CI_0012770
5.0,,,time,Year,2015,2011STATH,Geography,N92000002,CL_0000779,Entity type,CI_0007554,CL_0000778,Geographic area,CI_0011484,CL_0000782,Turnover size band,CI_0012771
2490.0,,,time,Year,2015,2011STATH,Geography,N92000002,CL_0000779,Entity type,CI_0007554,CL_0000778,Geographic area,CI_0011484,CL_0000782,Turnover size band,CI_0005220
295.0,,,time,Year,2015,2011STATH,Geography,N92000002,CL_0000779,Entity type,CI_0007554,CL_0000778,Geographic area,CI_0011486,CL_0000782,Turnover size band,CI_0007320
160.0,,,time,Year,2015,2011STATH,Geography,N92000002,CL_0000779,Entity type,CI_0007554,CL_0000778,Geographic area,CI_0011486,CL_0000782,Turnover size band,CI_0007322
185.0,,,time,Year,2015,2011STATH,Geography,N92000002,CL_0000779,Entity type,CI_0007554,CL_0000778,Geographic area,CI_0011486,CL_0000782,Turnover size band,CI_0007323
105.0,,,time,Year,2015,2011STATH,Geography,N92000002,CL_0000779,Entity type,CI_0007554,CL_0000778,Geographic area,CI_0011486,CL_0000782,Turnover size band,CI_0007324
55.0,,,time,Year,2015,2011STATH,Geography,N92000002,CL_0000779,Entity type,CI_0007554,CL_0000778,Geographic area,CI_0011486,CL_0000782,Turnover size band,CI_0007325
20.0,,,time,Year,2015,2011STATH,Geography,N92000002,CL_0000779,Entity type,CI_0007554,CL_0000778,Geographic area,CI_0011486,CL_0000782,Turnover size band,CI_0012767
10.0,,,time,Year,2015,2011STATH,Geography,N92000002,CL_0000779,Entity type,CI_0007554,CL_0000778,Geographic area,CI_0011486,CL_0000782,Turnover size band,CI_0012768
5.0,,,time,Year,2015,2011STATH,Geography,N92000002,CL_0000779,Entity type,CI_0007554,CL_0000778,Geographic area,CI_0011486,CL_0000782,Turnover size band,CI_0012769
0.0,,,time,Year,2015,2011STATH,Geography,N92000002,CL_0000779,Entity type,CI_0007554,CL_0000778,Geographic area,CI_0011486,CL_0000782,Turnover size band,CI_0012770
0.0,,,time,Year,2015,2011STATH,Geography,N92000002,CL_0000779,Entity type,CI_0007554,CL_0000778,Geographic area,CI_0011486,CL_0000782,Turnover size band,CI_0012771
835.0,,,time,Year,2015,2011STATH,Geography,N92000002,CL_0000779,Entity type,CI_0007554,CL_0000778,Geographic area,CI_0011486,CL_0000782,Turnover size band,CI_0005220
1400.0,,,time,Year,2015,2011STATH,Geography,N92000002,CL_0000779,Entity type,CI_0007554,CL_0000778,Geographic area,CI_0011488,CL_0000782,Turnover size band,CI_0007320
880.0,,,time,Year,2015,2011STATH,Geography,N92000002,CL_0000779,Entity type,CI_0007554,CL_0000778,Geographic area,CI_0011488,CL_0000782,Turnover size band,CI_0007322
1135.0,,,time,Year,2015,2011STATH,Geography,N92000002,CL_0000779,Entity type,CI_0007554,CL_0000778,Geographic area,CI_0011488,CL_0000782,Turnover size band,CI_0007323
545.0,,,time,Year,2015,2011STATH,Geography,N92000002,CL_0000779,Entity type,CI_0007554,CL_0000778,Geographic area,CI_0011488,CL_0000782,Turnover size band,CI_0007324
355.0,,,time,Year,2015,2011STATH,Geography,N92000002,CL_0000779,Entity type,CI_0007554,CL_0000778,Geographic area,CI_0011488,CL_0000782,Turnover size band,CI_0007325
155.0,,,time,Year,2015,2011STATH,Geography,N92000002,CL_0000779,Entity type,CI_0007554,CL_0000778,Geographic area,CI_0011488,CL_0000782,Turnover size band,CI_0012767
145.0,,,time,Year,2015,2011STATH,Geography,N92000002,CL_0000779,Entity type,CI_0007554,CL_0000778,Geographic area,CI_0011488,CL_0000782,Turnover size band,CI_0012768
45.0,,,time,Year,2015,2011STATH,Geography,N92000002,CL_0000779,Entity type,CI_0007554,CL_0000778,Geographic area,CI_0011488,CL_0000782,Turnover size band,CI_0012769
35.0,,,time,Year,2015,2011STATH,Geography,N92000002,CL_0000779,Entity type,CI_0007554,CL_0000778,Geographic area,CI_0011488,CL_0000782,Turnover size band,CI_0012770
5.0,,,time,Year,2015,2011STATH,Geography,N92000002,CL_0000779,Entity type,CI_0007554,CL_0000778,Geographic area,CI_0011488,CL_0000782,Turnover size band,CI_0012771
4700.0,,,time,Year,2015,2011STATH,Geography,N92000002,CL_0000779,Entity type,CI_0007554,CL_0000778,Geographic area,CI_0011488,CL_0000782,Turnover size band,CI_0005220
335.0,,,time,Year,2015,2011STATH,Geography,N92000002,CL_0000779,Entity type,CI_0007554,CL_0000778,Geographic area,CI_0011490,CL_0000782,Turnover size band,CI_0007320
325.0,,,time,Year,2015,2011STATH,Geography,N92000002,CL_0000779,Entity type,CI_0007554,CL_0000778,Geographic area,CI_0011490,CL_0000782,Turnover size band,CI_0007322
505.0,,,time,Year,2015,2011STATH,Geography,N92000002,CL_0000779,Entity type,CI_0007554,CL_0000778,Geographic area,CI_0011490,CL_0000782,Turnover size band,CI_0007323
230.0,,,time,Year,2015,2011STATH,Geography,N92000002,CL_0000779,Entity type,CI_0007554,CL_0000778,Geographic area,CI_0011490,CL_0000782,Turnover size band,CI_0007324
150.0,,,time,Year,2015,2011STATH,Geography,N92000002,CL_0000779,Entity type,CI_0007554,CL_0000778,Geographic area,CI_0011490,CL_0000782,Turnover size band,CI_0007325
110.0,,,time,Year,2015,2011STATH,Geography,N92000002,CL_0000779,Entity type,CI_0007554,CL_0000778,Geographic area,CI_0011490,CL_0000782,Turnover size band,CI_0012767
75.0,,,time,Year,2015,2011STATH,Geography,N92000002,CL_0000779,Entity type,CI_0007554,CL_0000778,Geographic area,CI_0011490,CL_0000782,Turnover size band,CI_0012768
35.0,,,time,Year,2015,2011STATH,Geography,N92000002,CL_0000779,Entity type,CI_0007554,CL_0000778,Geographic area,CI_0011490,CL_0000782,Turnover size band,CI_0012769
25.0,,,time,Year,2015,2011STATH,Geography,N92000002,CL_0000779,Entity type,CI_0007554,CL_0000778,Geographic area,CI_0011490,CL_0000782,Turnover size band,CI_0012770
10.0,,,time,Year,2015,2011STATH,Geography,N92000002,CL_0000779,Entity type,CI_0007554,CL_0000778,Geographic area,CI_0011490,CL_0000782,Turnover size band,CI_0012771
1800.0,,,time,Year,2015,2011STATH,Geography,N92000002,CL_0000779,Entity type,CI_0007554,CL_0000778,Geographic area,CI_0011490,CL_0000782,Turnover size band,CI_0005220
330.0,,,time,Year,2015,2011STATH,Geography,N92000002,CL_0000779,Entity type,CI_0007554,CL_0000778,Geographic area,CI_0007543,CL_0000782,Turnover size band,CI_0007320
375.0,,,time,Year,2015,2011STATH,Geography,N92000002,CL_0000779,Entity type,CI_0007554,CL_0000778,Geographic area,CI_0007543,CL_0000782,Turnover size band,CI_0007322
615.0,,,time,Year,2015,2011STATH,Geography,N92000002,CL_0000779,Entity type,CI_0007554,CL_0000778,Geographic area,CI_0007543,CL_0000782,Turnover size band,CI_0007323
270.0,,,time,Year,2015,2011STATH,Geography,N92000002,CL_0000779,Entity type,CI_0007554,CL_0000778,Geographic area,CI_0007543,CL_0000782,Turnover size band,CI_0007324
175.0,,,time,Year,2015,2011STATH,Geography,N92000002,CL_0000779,Entity type,CI_0007554,CL_0000778,Geographic area,CI_0007543,CL_0000782,Turnover size band,CI_0007325
85.0,,,time,Year,2015,2011STATH,Geography,N92000002,CL_0000779,Entity type,CI_0007554,CL_0000778,Geographic area,CI_0007543,CL_0000782,Turnover size band,CI_0012767
45.0,,,time,Year,2015,2011STATH,Geography,N92000002,CL_0000779,Entity type,CI_0007554,CL_0000778,Geographic area,CI_0007543,CL_0000782,Turnover size band,CI_0012768
15.0,,,time,Year,2015,2011STATH,Geography,N92000002,CL_0000779,Entity type,CI_0007554,CL_0000778,Geographic area,CI_0007543,CL_0000782,Turnover size band,CI_0012769
10.0,,,time,Year,2015,2011STATH,Geography,N92000002,CL_0000779,Entity type,CI_0007554,CL_0000778,Geographic area,CI_0007543,CL_0000782,Turnover size band,CI_0012770
0.0,,,time,Year,2015,2011STATH,Geography,N92000002,CL_0000779,Entity type,CI_0007554,CL_0000778,Geographic area,CI_0007543,CL_0000782,Turnover size band,CI_0012771
1920.0,,,time,Year,2015,2011STATH,Geography,N92000002,CL_0000779,Entity type,CI_0007554,CL_0000778,Geographic area,CI_0007543,CL_0000782,Turnover size band,CI_0005220
1350.0,,,time,Year,2015,2011STATH,Geography,N92000002,CL_0000779,Entity type,CI_0007554,CL_0000778,Geographic area,CI_0011494,CL_0000782,Turnover size band,CI_0007320
520.0,,,time,Year,2015,2011STATH,Geography,N92000002,CL_0000779,Entity type,CI_0007554,CL_0000778,Geographic area,CI_0011494,CL_0000782,Turnover size band,CI_0007322
685.0,,,time,Year,2015,2011STATH,Geography,N92000002,CL_0000779,Entity type,CI_0007554,CL_0000778,Geographic area,CI_0011494,CL_0000782,Turnover size band,CI_0007323
310.0,,,time,Year,2015,2011STATH,Geography,N92000002,CL_0000779,Entity type,CI_0007554,CL_0000778,Geographic area,CI_0011494,CL_0000782,Turnover size band,CI_0007324
175.0,,,time,Year,2015,2011STATH,Geography,N92000002,CL_0000779,Entity type,CI_0007554,CL_0000778,Geographic area,CI_0011494,CL_0000782,Turnover size band,CI_0007325
100.0,,,time,Year,2015,2011STATH,Geography,N92000002,CL_0000779,Entity type,CI_0007554,CL_0000778,Geographic area,CI_0011494,CL_0000782,Turnover size band,CI_0012767
65.0,,,time,Year,2015,2011STATH,Geography,N92000002,CL_0000779,Entity type,CI_0007554,CL_0000778,Geographic area,CI_0011494,CL_0000782,Turnover size band,CI_0012768
20.0,,,time,Year,2015,2011STATH,Geography,N92000002,CL_0000779,Entity type,CI_0007554,CL_0000778,Geographic area,CI_0011494,CL_0000782,Turnover size band,CI_0012769
15.0,,,time,Year,2015,2011STATH,Geography,N92000002,CL_0000779,Entity type,CI_0007554,CL_0000778,Geographic area,CI_0011494,CL_0000782,Turnover size band,CI_0012770
5.0,,,time,Year,2015,2011STATH,Geography,N92000002,CL_0000779,Entity type,CI_0007554,CL_0000778,Geographic area,CI_0011494,CL_0000782,Turnover size band,CI_0012771
3245.0,,,time,Year,2015,2011STATH,Geography,N92000002,CL_0000779,Entity type,CI_0007554,CL_0000778,Geographic area,CI_0011494,CL_0000782,Turnover size band,CI_0005220
705.0,,,time,Year,2015,2011STATH,Geography,N92000002,CL_0000779,Entity type,CI_0007554,CL_0000778,Geographic area,CI_0011496,CL_0000782,Turnover size band,CI_0007320
355.0,,,time,Year,2015,2011STATH,Geography,N92000002,CL_0000779,Entity type,CI_0007554,CL_0000778,Geographic area,CI_0011496,CL_0000782,Turnover size band,CI_0007322
445.0,,,time,Year,2015,2011STATH,Geography,N92000002,CL_0000779,Entity type,CI_0007554,CL_0000778,Geographic area,CI_0011496,CL_0000782,Turnover size band,CI_0007323
200.0,,,time,Year,2015,2011STATH,Geography,N92000002,CL_0000779,Entity type,CI_0007554,CL_0000778,Geographic area,CI_0011496,CL_0000782,Turnover size band,CI_0007324
130.0,,,time,Year,2015,2011STATH,Geography,N92000002,CL_0000779,Entity type,CI_0007554,CL_0000778,Geographic area,CI_0011496,CL_0000782,Turnover size band,CI_0007325
65.0,,,time,Year,2015,2011STATH,Geography,N92000002,CL_0000779,Entity type,CI_0007554,CL_0000778,Geographic area,CI_0011496,CL_0000782,Turnover size band,CI_0012767
35.0,,,time,Year,2015,2011STATH,Geography,N92000002,CL_0000779,Entity type,CI_0007554,CL_0000778,Geographic area,CI_0011496,CL_0000782,Turnover size band,CI_0012768
10.0,,,time,Year,2015,2011STATH,Geography,N92000002,CL_0000779,Entity type,CI_0007554,CL_0000778,Geographic area,CI_0011496,CL_0000782,Turnover size band,CI_0012769
5.0,,,time,Year,2015,2011STATH,Geography,N92000002,CL_0000779,Entity type,CI_0007554,CL_0000778,Geographic area,CI_0011496,CL_0000782,Turnover size band,CI_0012770
0.0,,,time,Year,2015,2011STATH,Geography,N92000002,CL_0000779,Entity type,CI_0007554,CL_0000778,Geographic area,CI_0011496,CL_0000782,Turnover size band,CI_0012771
1950.0,,,time,Year,2015,2011STATH,Geography,N92000002,CL_0000779,Entity type,CI_0007554,CL_0000778,Geographic area,CI_0011496,CL_0000782,Turnover size band,CI_0005220
